cost_case,cost_multiplier,real_discount_rate,analysis_years,candidate_assets,positive_npv_assets,avoided_annual_loss_nzd,capital_cost_nzd,annual_om_cost_nzd,pv_avoided_loss_nzd,pv_lifecycle_cost_nzd,illustrative_npv_nzd,illustrative_bcr,discounted_payback_year,payback_status
low,0.5,0.03,30,219,189,2260344.2750000004,9115000.0,91150.0,44303745.39174731,10901580.22900417,33402165.16274314,4.0639746221263495,5.0,achieved within horizon
low,0.5,0.05,30,219,189,2260344.2750000004,9115000.0,91150.0,34747031.6713325,10516198.911100369,24230832.760232132,3.3041436326061966,5.0,achieved within horizon
low,0.5,0.07,30,219,189,2260344.2750000004,9115000.0,91150.0,28048705.1973767,10246084.10387656,17802621.093500137,2.7375048763033862,6.0,achieved within horizon
central,1.0,0.03,30,219,189,2260344.2750000004,18230000.0,182300.0,44303745.39174731,21803160.458008345,22500584.933738966,2.0319873110631748,11.0,achieved within horizon
central,1.0,0.05,30,219,152,2260344.2750000004,18230000.0,182300.0,34747031.6713325,21032397.82220074,13714633.84913176,1.6520718163030979,12.0,achieved within horizon
central,1.0,0.07,30,219,152,2260344.2750000004,18230000.0,182300.0,28048705.1973767,20492168.20775312,7556536.989623576,1.3687524381516931,15.0,achieved within horizon
high,2.0,0.03,30,219,147,2260344.2750000004,36460000.0,364600.0,44303745.39174731,43606320.91601668,697424.4757306278,1.0159936555315874,30.0,achieved within horizon
high,2.0,0.05,30,219,147,2260344.2750000004,36460000.0,364600.0,34747031.6713325,42064795.644401476,-7317763.973068975,0.8260359081515491,,not achieved within horizon
high,2.0,0.07,30,219,0,2260344.275,36460000.0,364600.0,28048705.19737669,40984336.41550624,-12935631.218129553,0.6843762190758464,,not achieved within horizon
