record_id,asset_id,asset_type,local_board,replacement_value_nzd,description,site_description,asset_group,planning_area,criticality_score,untreated_eal_nzd,treated_eal_nzd,avoided_annual_loss_nzd,modelled_loss_reduction_pct,base_capital_cost_nzd,cost_multiplier,capital_cost_nzd,annual_om_cost_nzd,analysis_years,real_discount_rate,pv_avoided_loss_nzd,pv_om_cost_nzd,pv_lifecycle_cost_nzd,illustrative_npv_nzd,illustrative_bcr,break_even_capex_nzd,discounted_payback_year,payback_status,assumption_set,analysis_status
park-1894,10472-B024-151,Toilet/Changing,Rodney,800000.0,Central Toilet and Changing Room - Whlm,Maungatauhoro/Wenderholm Regional Park,Building Level 3,Rodney,3,74588.0,48482.2,26105.800000000003,0.35000000000000003,160000.0,1.0,160000.0,1600.0,30,0.05,401310.13201759814,24595.92164301255,184595.92164301255,216714.2103745856,2.1739924070136616,347838.7851221858,9,achieved within horizon,illustrative_generic_treatment_v1,demonstration_only
park-1703,10530-B001-152,Changing Shed,Franklin,650000.0,Changing room area,Grahams Beach Road Reserve,Building Level 3,Franklin,2,60602.75,39391.7875,21210.9625,0.35000000000000003,130000.0,1.0,130000.0,1300.0,30,0.05,326064.4822642985,19984.186334947695,149984.1863349477,176080.29592935077,2.1739924070136616,282619.012911776,9,achieved within horizon,illustrative_generic_treatment_v1,demonstration_only
park-378,21866-B001-152,Changing Shed,Orakei,650000.0,Changing Room,St Heliers Bay Beach Reserve,Building Level 3,Orakei,2,60602.75,39391.7875,21210.9625,0.35000000000000003,130000.0,1.0,130000.0,1300.0,30,0.05,326064.4822642985,19984.186334947695,149984.1863349477,176080.29592935077,2.1739924070136616,282619.012911776,9,achieved within horizon,illustrative_generic_treatment_v1,demonstration_only
park-414,10497-B025-152,Changing Shed,Franklin,650000.0,Changing room area,Waharau Regional Park,Building Level 3,Franklin,2,60602.75,39391.7875,21210.9625,0.35000000000000003,130000.0,1.0,130000.0,1300.0,30,0.05,326064.4822642985,19984.186334947695,149984.1863349477,176080.29592935077,2.1739924070136616,282619.012911776,9,achieved within horizon,illustrative_generic_treatment_v1,demonstration_only
park-792,20605-B001-100,Changing Shed,Waitakere Ranges,650000.0,Changing Room-(huia Domain) Bch Front,Huia Domain,Building Level 3,Waitakere Ranges,2,60602.75,39391.7875,21210.9625,0.35000000000000003,130000.0,1.0,130000.0,1300.0,30,0.05,326064.4822642985,19984.186334947695,149984.1863349477,176080.29592935077,2.1739924070136616,282619.012911776,9,achieved within horizon,illustrative_generic_treatment_v1,demonstration_only
park-802,10158-B003-153,Changing Shed,Mangere-Otahuhu,650000.0,Change Room,Seaside Park,Building Level 3,Mangere-Otahuhu,2,60602.75,39391.7875,21210.9625,0.35000000000000003,130000.0,1.0,130000.0,1300.0,30,0.05,326064.4822642985,19984.186334947695,149984.1863349477,176080.29592935077,2.1739924070136616,282619.012911776,9,achieved within horizon,illustrative_generic_treatment_v1,demonstration_only
park-87,10154-B002-152,Changing Shed,Orakei,650000.0,Changing Rooms - Middle Of Domain,Selwyn Reserve - Mission Bay,Building Level 3,Orakei,2,60602.75,39391.7875,21210.9625,0.35000000000000003,130000.0,1.0,130000.0,1300.0,30,0.05,326064.4822642985,19984.186334947695,149984.1863349477,176080.29592935077,2.1739924070136616,282619.012911776,9,achieved within horizon,illustrative_generic_treatment_v1,demonstration_only
park-106,10321-B001-151,Public Toilet,Albert-Eden,450000.0,Toilet - W32 (Eric Armishaw Park),Eric Armishaw Park,Building Level 3,Albert-Eden,3,41955.75,27271.2375,14684.5125,0.35000000000000003,90000.0,1.0,90000.0,900.0,30,0.05,225736.94925989895,13835.205924194559,103835.20592419455,121901.74333570439,2.1739924070136616,195659.31663122954,9,achieved within horizon,illustrative_generic_treatment_v1,demonstration_only
park-121,10391-B001-151,Public Toilet,Whau,450000.0,Toilet - W4 Heritage Toilet/change,Blockhouse Bay Beach Reserve,Building Level 3,Whau,3,41955.75,27271.2375,14684.5125,0.35000000000000003,90000.0,1.0,90000.0,900.0,30,0.05,225736.94925989895,13835.205924194559,103835.20592419455,121901.74333570439,2.1739924070136616,195659.31663122954,9,achieved within horizon,illustrative_generic_treatment_v1,demonstration_only
park-122,10391-B003-151,Public Toilet,Whau,450000.0,Toilet - W3 Novaloo (Bhb Beach),Blockhouse Bay Beach Reserve,Building Level 3,Whau,3,41955.75,27271.2375,14684.5125,0.35000000000000003,90000.0,1.0,90000.0,900.0,30,0.05,225736.94925989895,13835.205924194559,103835.20592419455,121901.74333570439,2.1739924070136616,195659.31663122954,9,achieved within horizon,illustrative_generic_treatment_v1,demonstration_only
park-129,10340-B001-151,Public Toilet,Maungakiekie-Tamaki,450000.0,Toilets - T30 (Onehunga Bay),Onehunga Bay Reserve,Building Level 3,Maungakiekie-Tamaki,3,41955.75,27271.2375,14684.5125,0.35000000000000003,90000.0,1.0,90000.0,900.0,30,0.05,225736.94925989895,13835.205924194559,103835.20592419455,121901.74333570439,2.1739924070136616,195659.31663122954,9,achieved within horizon,illustrative_generic_treatment_v1,demonstration_only
park-133,10401-B001-151,Public Toilet,Orakei,450000.0,Toilet - H20 (Thomas Bloodworth Park),Thomas Bloodworth Park,Building Level 3,Orakei,3,41955.75,27271.2375,14684.5125,0.35000000000000003,90000.0,1.0,90000.0,900.0,30,0.05,225736.94925989895,13835.205924194559,103835.20592419455,121901.74333570439,2.1739924070136616,195659.31663122954,9,achieved within horizon,illustrative_generic_treatment_v1,demonstration_only
park-135,10443-B002-151,Public Toilet,Waiheke,450000.0,Toilet - R1 Rakino,Rakino Island Community Hall & Toilets,Building Level 3,Waiheke-Great Barrier,3,41955.75,27271.2375,14684.5125,0.35000000000000003,90000.0,1.0,90000.0,900.0,30,0.05,225736.94925989895,13835.205924194559,103835.20592419455,121901.74333570439,2.1739924070136616,195659.31663122954,9,achieved within horizon,illustrative_generic_treatment_v1,demonstration_only
park-1832,10472-B025-151,Public Toilet,Rodney,450000.0,Glamping Enviro Toilet,Maungatauhoro/Wenderholm Regional Park,Building Level 3,Rodney,3,41955.75,27271.2375,14684.5125,0.35000000000000003,90000.0,1.0,90000.0,900.0,30,0.05,225736.94925989895,13835.205924194559,103835.20592419455,121901.74333570439,2.1739924070136616,195659.31663122954,9,achieved within horizon,illustrative_generic_treatment_v1,demonstration_only
park-186,10488-B022-151,Public Toilet,Waitakere Ranges,450000.0,Septic Toilets Pine Ave Womens - Wtks,Waitakere South Regional Park,Building Level 3,Waitakere Ranges,3,41955.75,27271.2375,14684.5125,0.35000000000000003,90000.0,1.0,90000.0,900.0,30,0.05,225736.94925989895,13835.205924194559,103835.20592419455,121901.74333570439,2.1739924070136616,195659.31663122954,9,achieved within horizon,illustrative_generic_treatment_v1,demonstration_only
park-1880,21936-B002-151,Public Toilet,Upper Harbour,450000.0,Toilet-Exeloo,Rahui Reserve,Building Level 3,Upper Harbour,3,41955.75,27271.2375,14684.5125,0.35000000000000003,90000.0,1.0,90000.0,900.0,30,0.05,225736.94925989895,13835.205924194559,103835.20592419455,121901.74333570439,2.1739924070136616,195659.31663122954,9,achieved within horizon,illustrative_generic_treatment_v1,demonstration_only
park-19,10063-B003-151,Public Toilet,Orakei,450000.0,Toilet - Roberta Reserve,Roberta Reserve,Building Level 3,Orakei,3,41955.75,27271.2375,14684.5125,0.35000000000000003,90000.0,1.0,90000.0,900.0,30,0.05,225736.94925989895,13835.205924194559,103835.20592419455,121901.74333570439,2.1739924070136616,195659.31663122954,9,achieved within horizon,illustrative_generic_treatment_v1,demonstration_only
park-1903,33742-B001-103,Public Toilet,Waitemata,450000.0,Crusing Club Public Toilet,Westhaven Marina North,Building Level 3,Waitemata,3,41955.75,27271.2375,14684.5125,0.35000000000000003,90000.0,1.0,90000.0,900.0,30,0.05,225736.94925989895,13835.205924194559,103835.20592419455,121901.74333570439,2.1739924070136616,195659.31663122954,9,achieved within horizon,illustrative_generic_treatment_v1,demonstration_only
park-1908,33745-B002-100,Public Toilet,Waitemata,450000.0,Westhaven - (Z Pier)Toilets,Z Pier,Building Level 3,Waitemata,3,41955.75,27271.2375,14684.5125,0.35000000000000003,90000.0,1.0,90000.0,900.0,30,0.05,225736.94925989895,13835.205924194559,103835.20592419455,121901.74333570439,2.1739924070136616,195659.31663122954,9,achieved within horizon,illustrative_generic_treatment_v1,demonstration_only
park-1910,33742-B003-100,Public Toilet,Waitemata,450000.0,Westhaven - (C Pier) Toilets,Westhaven Marina North,Building Level 3,Waitemata,3,41955.75,27271.2375,14684.5125,0.35000000000000003,90000.0,1.0,90000.0,900.0,30,0.05,225736.94925989895,13835.205924194559,103835.20592419455,121901.74333570439,2.1739924070136616,195659.31663122954,9,achieved within horizon,illustrative_generic_treatment_v1,demonstration_only
park-1915,33744-B004-100,Public Toilet,Waitemata,450000.0,Westhaven - (T Pier) Toilets,Westhaven Marina South,Building Level 3,Waitemata,3,41955.75,27271.2375,14684.5125,0.35000000000000003,90000.0,1.0,90000.0,900.0,30,0.05,225736.94925989895,13835.205924194559,103835.20592419455,121901.74333570439,2.1739924070136616,195659.31663122954,9,achieved within horizon,illustrative_generic_treatment_v1,demonstration_only
park-1944,33743-B003-100,Public Toilet,Waitemata,450000.0,Westhaven - (J Pier) Toilets,Westhaven Marina West,Building Level 3,Waitemata,3,41955.75,27271.2375,14684.5125,0.35000000000000003,90000.0,1.0,90000.0,900.0,30,0.05,225736.94925989895,13835.205924194559,103835.20592419455,121901.74333570439,2.1739924070136616,195659.31663122954,9,achieved within horizon,illustrative_generic_treatment_v1,demonstration_only
park-1967,11323-B011-151,Public Toilet,Rodney,450000.0,Toilet - By Playground,Kaipatiki Recreation Reserve,Building Level 3,Rodney,3,41955.75,27271.2375,14684.5125,0.35000000000000003,90000.0,1.0,90000.0,900.0,30,0.05,225736.94925989895,13835.205924194559,103835.20592419455,121901.74333570439,2.1739924070136616,195659.31663122954,9,achieved within horizon,illustrative_generic_treatment_v1,demonstration_only
park-1974,24810-B004-151,Public Toilet,Waiheke,450000.0,Composting Toilet - South Browns Island,Browns Island (Motukorea) Regional Park,Building Level 3,Waiheke-Great Barrier,3,41955.75,27271.2375,14684.5125,0.35000000000000003,90000.0,1.0,90000.0,900.0,30,0.05,225736.94925989895,13835.205924194559,103835.20592419455,121901.74333570439,2.1739924070136616,195659.31663122954,9,achieved within horizon,illustrative_generic_treatment_v1,demonstration_only
park-198,10529-B001-151,Public Toilet,Franklin,450000.0,Clarks Beach Yacht Club Toilet,Clarks Beach Boat Ramp,Building Level 3,Franklin,3,41955.75,27271.2375,14684.5125,0.35000000000000003,90000.0,1.0,90000.0,900.0,30,0.05,225736.94925989895,13835.205924194559,103835.20592419455,121901.74333570439,2.1739924070136616,195659.31663122954,9,achieved within horizon,illustrative_generic_treatment_v1,demonstration_only
park-199,10530-B001-151,Public Toilet,Franklin,450000.0,Toilet- (Grahams Beach Reserve)- Shower,Grahams Beach Road Reserve,Building Level 3,Franklin,3,41955.75,27271.2375,14684.5125,0.35000000000000003,90000.0,1.0,90000.0,900.0,30,0.05,225736.94925989895,13835.205924194559,103835.20592419455,121901.74333570439,2.1739924070136616,195659.31663122954,9,achieved within horizon,illustrative_generic_treatment_v1,demonstration_only
park-2005,11274-B032-151,Public Toilet,Rodney,450000.0,New Toilet-Whangateau Holiday Park,"Whangateau Reserve, Holiday Park & Hall",Building Level 3,Rodney,3,41955.75,27271.2375,14684.5125,0.35000000000000003,90000.0,1.0,90000.0,900.0,30,0.05,225736.94925989895,13835.205924194559,103835.20592419455,121901.74333570439,2.1739924070136616,195659.31663122954,9,achieved within horizon,illustrative_generic_treatment_v1,demonstration_only
park-2009,21994-B001-151,Public Toilet,Upper Harbour,450000.0,Public toilet,Hobsonville Esplanade,Building Level 3,Upper Harbour,3,41955.75,27271.2375,14684.5125,0.35000000000000003,90000.0,1.0,90000.0,900.0,30,0.05,225736.94925989895,13835.205924194559,103835.20592419455,121901.74333570439,2.1739924070136616,195659.31663122954,9,achieved within horizon,illustrative_generic_treatment_v1,demonstration_only
park-2019,11274-B031-151,Public Toilet,Rodney,450000.0,New Toilet-Whangateau Hall Grounds,"Whangateau Reserve, Holiday Park & Hall",Building Level 3,Rodney,3,41955.75,27271.2375,14684.5125,0.35000000000000003,90000.0,1.0,90000.0,900.0,30,0.05,225736.94925989895,13835.205924194559,103835.20592419455,121901.74333570439,2.1739924070136616,195659.31663122954,9,achieved within horizon,illustrative_generic_treatment_v1,demonstration_only
park-222,10626-B001-151,Public Toilet,Franklin,450000.0,Kawakawa Bay Boat Ramp Toilet & Change,Kawakawa Coast Rd Reserve,Building Level 3,Franklin,3,41955.75,27271.2375,14684.5125,0.35000000000000003,90000.0,1.0,90000.0,900.0,30,0.05,225736.94925989895,13835.205924194559,103835.20592419455,121901.74333570439,2.1739924070136616,195659.31663122954,9,achieved within horizon,illustrative_generic_treatment_v1,demonstration_only
park-253,10754-B002-151,Public Toilet,Howick,450000.0,Toilet-Sailing Club(Bramley Drive Res),Bramley Drive Reserve,Building Level 3,Howick,3,41955.75,27271.2375,14684.5125,0.35000000000000003,90000.0,1.0,90000.0,900.0,30,0.05,225736.94925989895,13835.205924194559,103835.20592419455,121901.74333570439,2.1739924070136616,195659.31663122954,9,achieved within horizon,illustrative_generic_treatment_v1,demonstration_only
park-255,10782-B001-151,Public Toilet,Howick,450000.0,Eastern Beach Central Toilet (Novaloo),Eastern Beach Playground Park,Building Level 3,Howick,3,41955.75,27271.2375,14684.5125,0.35000000000000003,90000.0,1.0,90000.0,900.0,30,0.05,225736.94925989895,13835.205924194559,103835.20592419455,121901.74333570439,2.1739924070136616,195659.31663122954,9,achieved within horizon,illustrative_generic_treatment_v1,demonstration_only
park-259,10791-B003-151,Public Toilet,Franklin,450000.0,Kawakawa Bay Central Toilet and Chng Blk,Rautawa Place Reserve,Building Level 3,Franklin,3,41955.75,27271.2375,14684.5125,0.35000000000000003,90000.0,1.0,90000.0,900.0,30,0.05,225736.94925989895,13835.205924194559,103835.20592419455,121901.74333570439,2.1739924070136616,195659.31663122954,9,achieved within horizon,illustrative_generic_treatment_v1,demonstration_only
park-292,10480-B009-151,Public Toilet,Rodney,450000.0,Vault Toilet 10 Behind Woolshed - Tawh,Tawharanui Regional Park,Building Level 3,Rodney,3,41955.75,27271.2375,14684.5125,0.35000000000000003,90000.0,1.0,90000.0,900.0,30,0.05,225736.94925989895,13835.205924194559,103835.20592419455,121901.74333570439,2.1739924070136616,195659.31663122954,9,achieved within horizon,illustrative_generic_treatment_v1,demonstration_only
park-296,11107-B001-151,Public Toilet,Kaipatiki,450000.0,Toilet (Little Shoal Bay Reserve),Little Shoal Bay Reserve/Dudding Park,Building Level 3,Kaipatiki,3,41955.75,27271.2375,14684.5125,0.35000000000000003,90000.0,1.0,90000.0,900.0,30,0.05,225736.94925989895,13835.205924194559,103835.20592419455,121901.74333570439,2.1739924070136616,195659.31663122954,9,achieved within horizon,illustrative_generic_treatment_v1,demonstration_only
park-336,11274-B022-100,Public Toilet,Rodney,450000.0,Toilet-Whangateau Domain,"Whangateau Reserve, Holiday Park & Hall",Building Level 3,Rodney,3,41955.75,27271.2375,14684.5125,0.35000000000000003,90000.0,1.0,90000.0,900.0,30,0.05,225736.94925989895,13835.205924194559,103835.20592419455,121901.74333570439,2.1739924070136616,195659.31663122954,9,achieved within horizon,illustrative_generic_treatment_v1,demonstration_only
park-337,11275-B003-151,Public Toilet,Hibiscus and Bays,450000.0,Toilet-(Stanmore Bay Recre Res)(Park),Stanmore Bay Park,Building Level 3,Hibiscus and Bays,3,41955.75,27271.2375,14684.5125,0.35000000000000003,90000.0,1.0,90000.0,900.0,30,0.05,225736.94925989895,13835.205924194559,103835.20592419455,121901.74333570439,2.1739924070136616,195659.31663122954,9,achieved within horizon,illustrative_generic_treatment_v1,demonstration_only
park-36,10020-B001-151,Public Toilet,Maungakiekie-Tamaki,450000.0,Toilet - T10 (Panmure Basin Yacht Club),Panmure Basin/Peterson Reserve,Building Level 3,Maungakiekie-Tamaki,3,41955.75,27271.2375,14684.5125,0.35000000000000003,90000.0,1.0,90000.0,900.0,30,0.05,225736.94925989895,13835.205924194559,103835.20592419455,121901.74333570439,2.1739924070136616,195659.31663122954,9,achieved within horizon,illustrative_generic_treatment_v1,demonstration_only
park-369,20660-B001-151,Public Toilet,Franklin,450000.0,Toilet- (Glenbrook Beach Beachfront),Glenbrook Beach Beachfront,Building Level 3,Franklin,3,41955.75,27271.2375,14684.5125,0.35000000000000003,90000.0,1.0,90000.0,900.0,30,0.05,225736.94925989895,13835.205924194559,103835.20592419455,121901.74333570439,2.1739924070136616,195659.31663122954,9,achieved within horizon,illustrative_generic_treatment_v1,demonstration_only
park-372,20935-B001-151,Public Toilet,Maungakiekie-Tamaki,450000.0,Toilet - Taumanu Reserve,Taumanu Reserve,Building Level 3,Maungakiekie-Tamaki,3,41955.75,27271.2375,14684.5125,0.35000000000000003,90000.0,1.0,90000.0,900.0,30,0.05,225736.94925989895,13835.205924194559,103835.20592419455,121901.74333570439,2.1739924070136616,195659.31663122954,9,achieved within horizon,illustrative_generic_treatment_v1,demonstration_only
park-373,21160-B001-151,Public Toilet,Devonport-Takapuna,450000.0,Toilet-Castor Bay Beach Public Toilets,Rahopara Pa (Kennedy Point),Building Level 3,Devonport-Takapuna,3,41955.75,27271.2375,14684.5125,0.35000000000000003,90000.0,1.0,90000.0,900.0,30,0.05,225736.94925989895,13835.205924194559,103835.20592419455,121901.74333570439,2.1739924070136616,195659.31663122954,9,achieved within horizon,illustrative_generic_treatment_v1,demonstration_only
park-377,21866-B001-151,Public Toilet,Orakei,450000.0,Toilet-St Heliers Bay Beach Rserve (H41),St Heliers Bay Beach Reserve,Building Level 3,Orakei,3,41955.75,27271.2375,14684.5125,0.35000000000000003,90000.0,1.0,90000.0,900.0,30,0.05,225736.94925989895,13835.205924194559,103835.20592419455,121901.74333570439,2.1739924070136616,195659.31663122954,9,achieved within horizon,illustrative_generic_treatment_v1,demonstration_only
park-380,21933-B001-151,Public Toilet,Franklin,450000.0,Toilet-End Of Driveway Into Reserve,Sandspit Reserve - Waiuku,Building Level 3,Franklin,3,41955.75,27271.2375,14684.5125,0.35000000000000003,90000.0,1.0,90000.0,900.0,30,0.05,225736.94925989895,13835.205924194559,103835.20592419455,121901.74333570439,2.1739924070136616,195659.31663122954,9,achieved within horizon,illustrative_generic_treatment_v1,demonstration_only
park-381,21986-B002-151,Public Toilet,Howick,450000.0,Toilet-By carpark Sth end of The Parade,Eastern Beach Caravan Park,Building Level 3,Howick,3,41955.75,27271.2375,14684.5125,0.35000000000000003,90000.0,1.0,90000.0,900.0,30,0.05,225736.94925989895,13835.205924194559,103835.20592419455,121901.74333570439,2.1739924070136616,195659.31663122954,9,achieved within horizon,illustrative_generic_treatment_v1,demonstration_only
park-383,22165-B001-151,Public Toilet,Rodney,450000.0,Toilet-15m East Of Boatramp,Point Wells Foreshore Reserve,Building Level 3,Rodney,3,41955.75,27271.2375,14684.5125,0.35000000000000003,90000.0,1.0,90000.0,900.0,30,0.05,225736.94925989895,13835.205924194559,103835.20592419455,121901.74333570439,2.1739924070136616,195659.31663122954,9,achieved within horizon,illustrative_generic_treatment_v1,demonstration_only
park-384,22175-B001-151,Public Toilet,Rodney,450000.0,Toilet-Opposite Wharf,Port Albert Wharf Reserve,Building Level 3,Rodney,3,41955.75,27271.2375,14684.5125,0.35000000000000003,90000.0,1.0,90000.0,900.0,30,0.05,225736.94925989895,13835.205924194559,103835.20592419455,121901.74333570439,2.1739924070136616,195659.31663122954,9,achieved within horizon,illustrative_generic_treatment_v1,demonstration_only
park-391,22420-B001-151,Public Toilet,Hibiscus and Bays,450000.0,Toilet-(Dacre Historic & Esplanade Res),Dacre Historic & Esplanade Reserve,Building Level 3,Hibiscus and Bays,3,41955.75,27271.2375,14684.5125,0.35000000000000003,90000.0,1.0,90000.0,900.0,30,0.05,225736.94925989895,13835.205924194559,103835.20592419455,121901.74333570439,2.1739924070136616,195659.31663122954,9,achieved within horizon,illustrative_generic_treatment_v1,demonstration_only
park-392,22448-B001-151,Public Toilet,Rodney,450000.0,Toilet- (Campbells Beach Reserve),Campbells Beach Reserve,Building Level 3,Rodney,3,41955.75,27271.2375,14684.5125,0.35000000000000003,90000.0,1.0,90000.0,900.0,30,0.05,225736.94925989895,13835.205924194559,103835.20592419455,121901.74333570439,2.1739924070136616,195659.31663122954,9,achieved within horizon,illustrative_generic_treatment_v1,demonstration_only
park-398,23310-B001-151,Public Toilet,Mangere-Otahuhu,450000.0,Toilet-Waterfront Rd Res-Coronation Rd,Waterfront Road Reserve,Building Level 3,Mangere-Otahuhu,3,41955.75,27271.2375,14684.5125,0.35000000000000003,90000.0,1.0,90000.0,900.0,30,0.05,225736.94925989895,13835.205924194559,103835.20592419455,121901.74333570439,2.1739924070136616,195659.31663122954,9,achieved within horizon,illustrative_generic_treatment_v1,demonstration_only
park-408,10488-B087-151,Public Toilet,Waitakere Ranges,450000.0,Toilet - Kakamatua Composting - Wtks,Waitakere South Regional Park,Building Level 3,Waitakere Ranges,3,41955.75,27271.2375,14684.5125,0.35000000000000003,90000.0,1.0,90000.0,900.0,30,0.05,225736.94925989895,13835.205924194559,103835.20592419455,121901.74333570439,2.1739924070136616,195659.31663122954,9,achieved within horizon,illustrative_generic_treatment_v1,demonstration_only
park-442,10927-B001-151,Public Toilet,Kaipatiki,450000.0,Onepoto Domain Toilets,Onepoto Domain,Building Level 3,Kaipatiki,3,41955.75,27271.2375,14684.5125,0.35000000000000003,90000.0,1.0,90000.0,900.0,30,0.05,225736.94925989895,13835.205924194559,103835.20592419455,121901.74333570439,2.1739924070136616,195659.31663122954,9,achieved within horizon,illustrative_generic_treatment_v1,demonstration_only
park-472,11299-B001-151,Public Toilet,Rodney,450000.0,Toilet- (Birds Beach Recreation Reserve),Birds Beach Recreation Reserve,Building Level 3,Rodney,3,41955.75,27271.2375,14684.5125,0.35000000000000003,90000.0,1.0,90000.0,900.0,30,0.05,225736.94925989895,13835.205924194559,103835.20592419455,121901.74333570439,2.1739924070136616,195659.31663122954,9,achieved within horizon,illustrative_generic_treatment_v1,demonstration_only
park-488,11275-B002-151,Public Toilet,Hibiscus and Bays,450000.0,Toilet-(Stanmore Bay Recreation Reserve),Stanmore Bay Park,Building Level 3,Hibiscus and Bays,3,41955.75,27271.2375,14684.5125,0.35000000000000003,90000.0,1.0,90000.0,900.0,30,0.05,225736.94925989895,13835.205924194559,103835.20592419455,121901.74333570439,2.1739924070136616,195659.31663122954,9,achieved within horizon,illustrative_generic_treatment_v1,demonstration_only
park-493,11323-B003-151,Public Toilet,Rodney,450000.0,Parakai Toilet - 30m NE of Camp Entrance,Kaipatiki Recreation Reserve,Building Level 3,Rodney,3,41955.75,27271.2375,14684.5125,0.35000000000000003,90000.0,1.0,90000.0,900.0,30,0.05,225736.94925989895,13835.205924194559,103835.20592419455,121901.74333570439,2.1739924070136616,195659.31663122954,9,achieved within horizon,illustrative_generic_treatment_v1,demonstration_only
park-498,11369-B001-151,Public Toilet,Waitakere Ranges,450000.0,Toilet-Titirangi Beach,Titirangi Beach,Building Level 3,Waitakere Ranges,3,41955.75,27271.2375,14684.5125,0.35000000000000003,90000.0,1.0,90000.0,900.0,30,0.05,225736.94925989895,13835.205924194559,103835.20592419455,121901.74333570439,2.1739924070136616,195659.31663122954,9,achieved within horizon,illustrative_generic_treatment_v1,demonstration_only
park-5,10035-B001-151,Public Toilet,Waiheke,450000.0,Toilet - Wi10 (Wharf Road),Ostend Domain,Building Level 3,Waiheke-Great Barrier,3,41955.75,27271.2375,14684.5125,0.35000000000000003,90000.0,1.0,90000.0,900.0,30,0.05,225736.94925989895,13835.205924194559,103835.20592419455,121901.74333570439,2.1739924070136616,195659.31663122954,9,achieved within horizon,illustrative_generic_treatment_v1,demonstration_only
park-525,20073-B001-151,Public Toilet,Hibiscus and Bays,450000.0,Rothesay Bay Beach Public Toilets,Rothesay Bay Beach Reserve,Building Level 3,Hibiscus and Bays,3,41955.75,27271.2375,14684.5125,0.35000000000000003,90000.0,1.0,90000.0,900.0,30,0.05,225736.94925989895,13835.205924194559,103835.20592419455,121901.74333570439,2.1739924070136616,195659.31663122954,9,achieved within horizon,illustrative_generic_treatment_v1,demonstration_only
park-544,21063-B001-151,Public Toilet,Waitakere Ranges,450000.0,Toilet- (Wood Bay Reserve)Water Front,Wood Bay Reserve,Building Level 3,Waitakere Ranges,3,41955.75,27271.2375,14684.5125,0.35000000000000003,90000.0,1.0,90000.0,900.0,30,0.05,225736.94925989895,13835.205924194559,103835.20592419455,121901.74333570439,2.1739924070136616,195659.31663122954,9,achieved within horizon,illustrative_generic_treatment_v1,demonstration_only
park-554,21827-B001-151,Public Toilet,Howick,450000.0,Toilet-At Rear Of Reserve,Bucklands Beach Toilet Reserve,Building Level 3,Howick,3,41955.75,27271.2375,14684.5125,0.35000000000000003,90000.0,1.0,90000.0,900.0,30,0.05,225736.94925989895,13835.205924194559,103835.20592419455,121901.74333570439,2.1739924070136616,195659.31663122954,9,achieved within horizon,illustrative_generic_treatment_v1,demonstration_only
park-556,22237-B002-151,Public Toilet,Rodney,450000.0,Toilet-At Ferry Terminal,Sandspit Reserve - Rodney,Building Level 3,Rodney,3,41955.75,27271.2375,14684.5125,0.35000000000000003,90000.0,1.0,90000.0,900.0,30,0.05,225736.94925989895,13835.205924194559,103835.20592419455,121901.74333570439,2.1739924070136616,195659.31663122954,9,achieved within horizon,illustrative_generic_treatment_v1,demonstration_only
park-558,22354-B001-151,Public Toilet,Rodney,450000.0,Toilet-Next To Boat Ramp Sea End Of,Ariki Reserve,Building Level 3,Rodney,3,41955.75,27271.2375,14684.5125,0.35000000000000003,90000.0,1.0,90000.0,900.0,30,0.05,225736.94925989895,13835.205924194559,103835.20592419455,121901.74333570439,2.1739924070136616,195659.31663122954,9,achieved within horizon,illustrative_generic_treatment_v1,demonstration_only
park-559,22373-B001-151,Public Toilet,Rodney,450000.0,Toilet- (Cement Works)New Toilet Block,Cement Works,Building Level 3,Rodney,3,41955.75,27271.2375,14684.5125,0.35000000000000003,90000.0,1.0,90000.0,900.0,30,0.05,225736.94925989895,13835.205924194559,103835.20592419455,121901.74333570439,2.1739924070136616,195659.31663122954,9,achieved within horizon,illustrative_generic_treatment_v1,demonstration_only
park-562,22445-B001-151,Public Toilet,Rodney,450000.0,Toilet-Btwn Sign & Tennis Courts,Baddeleys Beach Reserve,Building Level 3,Rodney,3,41955.75,27271.2375,14684.5125,0.35000000000000003,90000.0,1.0,90000.0,900.0,30,0.05,225736.94925989895,13835.205924194559,103835.20592419455,121901.74333570439,2.1739924070136616,195659.31663122954,9,achieved within horizon,illustrative_generic_treatment_v1,demonstration_only
park-589,20119-B004-151,Public Toilet,Rodney,450000.0,Toilet-100m Before Pakiri Beach Parking,Streetscape - Rodney,Building Level 3,Rodney,3,41955.75,27271.2375,14684.5125,0.35000000000000003,90000.0,1.0,90000.0,900.0,30,0.05,225736.94925989895,13835.205924194559,103835.20592419455,121901.74333570439,2.1739924070136616,195659.31663122954,9,achieved within horizon,illustrative_generic_treatment_v1,demonstration_only
park-592,20546-B001-151,Public Toilet,Hibiscus and Bays,450000.0,Toilet- (Kinloch Reserve)Carpark,Kinloch Reserve,Building Level 3,Hibiscus and Bays,3,41955.75,27271.2375,14684.5125,0.35000000000000003,90000.0,1.0,90000.0,900.0,30,0.05,225736.94925989895,13835.205924194559,103835.20592419455,121901.74333570439,2.1739924070136616,195659.31663122954,9,achieved within horizon,illustrative_generic_treatment_v1,demonstration_only
park-595,20805-B001-151,Public Toilet,Franklin,450000.0,Toilet- (Halls Beach),Clarks Beach-Halls Beach Access,Building Level 3,Franklin,3,41955.75,27271.2375,14684.5125,0.35000000000000003,90000.0,1.0,90000.0,900.0,30,0.05,225736.94925989895,13835.205924194559,103835.20592419455,121901.74333570439,2.1739924070136616,195659.31663122954,9,achieved within horizon,illustrative_generic_treatment_v1,demonstration_only
park-596,20823-B001-151,Public Toilet,Puketapapa,450000.0,Toilet-Taylors Bay Road Reserve,Taylors Bay Road Reserve,Building Level 3,Puketapapa,3,41955.75,27271.2375,14684.5125,0.35000000000000003,90000.0,1.0,90000.0,900.0,30,0.05,225736.94925989895,13835.205924194559,103835.20592419455,121901.74333570439,2.1739924070136616,195659.31663122954,9,achieved within horizon,illustrative_generic_treatment_v1,demonstration_only
park-60,10154-B002-151,Public Toilet,Orakei,450000.0,Toilets - Middle Of Domain,Selwyn Reserve - Mission Bay,Building Level 3,Orakei,3,41955.75,27271.2375,14684.5125,0.35000000000000003,90000.0,1.0,90000.0,900.0,30,0.05,225736.94925989895,13835.205924194559,103835.20592419455,121901.74333570439,2.1739924070136616,195659.31663122954,9,achieved within horizon,illustrative_generic_treatment_v1,demonstration_only
park-604,21798-B002-151,Public Toilet,Orakei,450000.0,Toilet Novaloo by playground,Okahu Bay Reserve,Building Level 3,Orakei,3,41955.75,27271.2375,14684.5125,0.35000000000000003,90000.0,1.0,90000.0,900.0,30,0.05,225736.94925989895,13835.205924194559,103835.20592419455,121901.74333570439,2.1739924070136616,195659.31663122954,9,achieved within horizon,illustrative_generic_treatment_v1,demonstration_only
park-608,22237-B003-151,Public Toilet,Rodney,450000.0,Toilet-concrete(Sandspit Res) Playground,Sandspit Reserve - Rodney,Building Level 3,Rodney,3,41955.75,27271.2375,14684.5125,0.35000000000000003,90000.0,1.0,90000.0,900.0,30,0.05,225736.94925989895,13835.205924194559,103835.20592419455,121901.74333570439,2.1739924070136616,195659.31663122954,9,achieved within horizon,illustrative_generic_treatment_v1,demonstration_only
park-639,10158-B003-151,Public Toilet,Mangere-Otahuhu,450000.0,Toilet-T39 (Seaside Park)-By carpark,Seaside Park,Building Level 3,Mangere-Otahuhu,3,41955.75,27271.2375,14684.5125,0.35000000000000003,90000.0,1.0,90000.0,900.0,30,0.05,225736.94925989895,13835.205924194559,103835.20592419455,121901.74333570439,2.1739924070136616,195659.31663122954,9,achieved within horizon,illustrative_generic_treatment_v1,demonstration_only
park-667,10479-B005-151,Public Toilet,Hibiscus and Bays,450000.0,Toilet Block Okoromai Bay - Shak,Te Haruhi/Shakespear Regional Park,Building Level 3,Hibiscus and Bays,3,41955.75,27271.2375,14684.5125,0.35000000000000003,90000.0,1.0,90000.0,900.0,30,0.05,225736.94925989895,13835.205924194559,103835.20592419455,121901.74333570439,2.1739924070136616,195659.31663122954,9,achieved within horizon,illustrative_generic_treatment_v1,demonstration_only
park-668,10480-B010-151,Public Toilet,Rodney,450000.0,Vault Toilet 9 Jones Bay - Tawh,Tawharanui Regional Park,Building Level 3,Rodney,3,41955.75,27271.2375,14684.5125,0.35000000000000003,90000.0,1.0,90000.0,900.0,30,0.05,225736.94925989895,13835.205924194559,103835.20592419455,121901.74333570439,2.1739924070136616,195659.31663122954,9,achieved within horizon,illustrative_generic_treatment_v1,demonstration_only
park-669,10480-B013-151,Public Toilet,Rodney,450000.0,Vault Toilet Camp Bay 6 - Tawh,Tawharanui Regional Park,Building Level 3,Rodney,3,41955.75,27271.2375,14684.5125,0.35000000000000003,90000.0,1.0,90000.0,900.0,30,0.05,225736.94925989895,13835.205924194559,103835.20592419455,121901.74333570439,2.1739924070136616,195659.31663122954,9,achieved within horizon,illustrative_generic_treatment_v1,demonstration_only
park-678,10488-B036-151,Public Toilet,Waitakere Ranges,450000.0,Septic Toilet Pine Ave Mens - Wtks,Waitakere South Regional Park,Building Level 3,Waitakere Ranges,3,41955.75,27271.2375,14684.5125,0.35000000000000003,90000.0,1.0,90000.0,900.0,30,0.05,225736.94925989895,13835.205924194559,103835.20592419455,121901.74333570439,2.1739924070136616,195659.31663122954,9,achieved within horizon,illustrative_generic_treatment_v1,demonstration_only
park-679,10488-B088-151,Public Toilet,Waitakere Ranges,450000.0,Little Huia Toilet - Wtks,Waitakere South Regional Park,Building Level 3,Waitakere Ranges,3,41955.75,27271.2375,14684.5125,0.35000000000000003,90000.0,1.0,90000.0,900.0,30,0.05,225736.94925989895,13835.205924194559,103835.20592419455,121901.74333570439,2.1739924070136616,195659.31663122954,9,achieved within horizon,illustrative_generic_treatment_v1,demonstration_only
park-683,10497-B025-151,Public Toilet,Franklin,450000.0,Karewa Avenue Toilet Block-Waha,Waharau Regional Park,Building Level 3,Franklin,3,41955.75,27271.2375,14684.5125,0.35000000000000003,90000.0,1.0,90000.0,900.0,30,0.05,225736.94925989895,13835.205924194559,103835.20592419455,121901.74333570439,2.1739924070136616,195659.31663122954,9,achieved within horizon,illustrative_generic_treatment_v1,demonstration_only
park-716,10998-B002-152,Public Toilet,Devonport-Takapuna,450000.0,Toilet-Timber (Devonport Domain),Devonport Domain,Building Level 3,Devonport-Takapuna,3,41955.75,27271.2375,14684.5125,0.35000000000000003,90000.0,1.0,90000.0,900.0,30,0.05,225736.94925989895,13835.205924194559,103835.20592419455,121901.74333570439,2.1739924070136616,195659.31663122954,9,achieved within horizon,illustrative_generic_treatment_v1,demonstration_only
park-738,20007-B003-151,Public Toilet,Devonport-Takapuna,450000.0,Toilet-Brick (Windsor Reserve),Windsor Reserve,Building Level 3,Devonport-Takapuna,3,41955.75,27271.2375,14684.5125,0.35000000000000003,90000.0,1.0,90000.0,900.0,30,0.05,225736.94925989895,13835.205924194559,103835.20592419455,121901.74333570439,2.1739924070136616,195659.31663122954,9,achieved within horizon,illustrative_generic_treatment_v1,demonstration_only
park-747,20119-B002-151,Public Toilet,Rodney,450000.0,Toilet-Scotts Landing Next To Boat Ramp,Streetscape - Rodney,Building Level 3,Rodney,3,41955.75,27271.2375,14684.5125,0.35000000000000003,90000.0,1.0,90000.0,900.0,30,0.05,225736.94925989895,13835.205924194559,103835.20592419455,121901.74333570439,2.1739924070136616,195659.31663122954,9,achieved within horizon,illustrative_generic_treatment_v1,demonstration_only
park-749,20265-B001-151,Public Toilet,Franklin,450000.0,Toilet-East Boundary,Coulthards Reserve,Building Level 3,Franklin,3,41955.75,27271.2375,14684.5125,0.35000000000000003,90000.0,1.0,90000.0,900.0,30,0.05,225736.94925989895,13835.205924194559,103835.20592419455,121901.74333570439,2.1739924070136616,195659.31663122954,9,achieved within horizon,illustrative_generic_treatment_v1,demonstration_only
park-752,20518-B001-151,Public Toilet,Hibiscus and Bays,450000.0,Toilet- (Manly Park - Whole Reserve),Manly Park,Building Level 3,Hibiscus and Bays,3,41955.75,27271.2375,14684.5125,0.35000000000000003,90000.0,1.0,90000.0,900.0,30,0.05,225736.94925989895,13835.205924194559,103835.20592419455,121901.74333570439,2.1739924070136616,195659.31663122954,9,achieved within horizon,illustrative_generic_treatment_v1,demonstration_only
park-753,20605-B001-151,Public Toilet,Waitakere Ranges,450000.0,Toilet-(Huia Domain) Bch Front,Huia Domain,Building Level 3,Waitakere Ranges,3,41955.75,27271.2375,14684.5125,0.35000000000000003,90000.0,1.0,90000.0,900.0,30,0.05,225736.94925989895,13835.205924194559,103835.20592419455,121901.74333570439,2.1739924070136616,195659.31663122954,9,achieved within horizon,illustrative_generic_treatment_v1,demonstration_only
park-758,21020-B001-151,Public Toilet,Hibiscus and Bays,450000.0,Toilet-(Arkles Strand Reserve),Arkles Bay Beachfront Reserve,Building Level 3,Hibiscus and Bays,3,41955.75,27271.2375,14684.5125,0.35000000000000003,90000.0,1.0,90000.0,900.0,30,0.05,225736.94925989895,13835.205924194559,103835.20592419455,121901.74333570439,2.1739924070136616,195659.31663122954,9,achieved within horizon,illustrative_generic_treatment_v1,demonstration_only
park-766,21480-B002-151,Public Toilet,Franklin,450000.0,Toilet-Beside Playground,Big Bay Reserve,Building Level 3,Franklin,3,41955.75,27271.2375,14684.5125,0.35000000000000003,90000.0,1.0,90000.0,900.0,30,0.05,225736.94925989895,13835.205924194559,103835.20592419455,121901.74333570439,2.1739924070136616,195659.31663122954,9,achieved within horizon,illustrative_generic_treatment_v1,demonstration_only
park-772,22157-B001-151,Public Toilet,Rodney,450000.0,Toilet-Southern Side Of Accessway 30m,Opahi Bay Beach Reserve,Building Level 3,Rodney,3,41955.75,27271.2375,14684.5125,0.35000000000000003,90000.0,1.0,90000.0,900.0,30,0.05,225736.94925989895,13835.205924194559,103835.20592419455,121901.74333570439,2.1739924070136616,195659.31663122954,9,achieved within horizon,illustrative_generic_treatment_v1,demonstration_only
park-775,22255-B001-151,Public Toilet,Rodney,450000.0,Toilet-Front Of Carpark,Matheson Bay Reserve,Building Level 3,Rodney,3,41955.75,27271.2375,14684.5125,0.35000000000000003,90000.0,1.0,90000.0,900.0,30,0.05,225736.94925989895,13835.205924194559,103835.20592419455,121901.74333570439,2.1739924070136616,195659.31663122954,9,achieved within horizon,illustrative_generic_treatment_v1,demonstration_only
park-782,22512-B001-151,Public Toilet,Upper Harbour,450000.0,Toilet- (Christmas Beach)-Adj To Western,Christmas Beach,Building Level 3,Upper Harbour,3,41955.75,27271.2375,14684.5125,0.35000000000000003,90000.0,1.0,90000.0,900.0,30,0.05,225736.94925989895,13835.205924194559,103835.20592419455,121901.74333570439,2.1739924070136616,195659.31663122954,9,achieved within horizon,illustrative_generic_treatment_v1,demonstration_only
park-787,23528-B006-151,Public Toilet,Rodney,450000.0,Helensville A and P Toilet Block,Helensville A & P,Building Level 3,Rodney,3,41955.75,27271.2375,14684.5125,0.35000000000000003,90000.0,1.0,90000.0,900.0,30,0.05,225736.94925989895,13835.205924194559,103835.20592419455,121901.74333570439,2.1739924070136616,195659.31663122954,9,achieved within horizon,illustrative_generic_treatment_v1,demonstration_only
park-806,10736-B002-151,Public Toilet,Mangere-Otahuhu,450000.0,Toilet-Kiwi Esplanade Boat Ramp-Exeloo,Kiwi Esplanade (Boat Ramp),Building Level 3,Mangere-Otahuhu,3,41955.75,27271.2375,14684.5125,0.35000000000000003,90000.0,1.0,90000.0,900.0,30,0.05,225736.94925989895,13835.205924194559,103835.20592419455,121901.74333570439,2.1739924070136616,195659.31663122954,9,achieved within horizon,illustrative_generic_treatment_v1,demonstration_only
park-854,10400-B001-152,Public Toilet,Maungakiekie-Tamaki,450000.0,Toilet,Waikaraka Park Cemetery,Building Level 3,Maungakiekie-Tamaki,3,41955.75,27271.2375,14684.5125,0.35000000000000003,90000.0,1.0,90000.0,900.0,30,0.05,225736.94925989895,13835.205924194559,103835.20592419455,121901.74333570439,2.1739924070136616,195659.31663122954,9,achieved within horizon,illustrative_generic_treatment_v1,demonstration_only
park-86,10154-B001-151,Public Toilet,Orakei,450000.0,Toilet - H37 (Stone Toilet-Female),Selwyn Reserve - Mission Bay,Building Level 3,Orakei,3,41955.75,27271.2375,14684.5125,0.35000000000000003,90000.0,1.0,90000.0,900.0,30,0.05,225736.94925989895,13835.205924194559,103835.20592419455,121901.74333570439,2.1739924070136616,195659.31663122954,9,achieved within horizon,illustrative_generic_treatment_v1,demonstration_only
park-876,22381-B001-151,Public Toilet,Hibiscus and Bays,450000.0,Toilet-(Wade River Road Reserves & Berm),Wade River Road Reserves & Berm,Building Level 3,Hibiscus and Bays,3,41955.75,27271.2375,14684.5125,0.35000000000000003,90000.0,1.0,90000.0,900.0,30,0.05,225736.94925989895,13835.205924194559,103835.20592419455,121901.74333570439,2.1739924070136616,195659.31663122954,9,achieved within horizon,illustrative_generic_treatment_v1,demonstration_only
park-881,20346-B001-151,Public Toilet,Franklin,450000.0,Toilet-Back Of Park,Hudsons Beach Recreation Reserve,Building Level 3,Franklin,3,41955.75,27271.2375,14684.5125,0.35000000000000003,90000.0,1.0,90000.0,900.0,30,0.05,225736.94925989895,13835.205924194559,103835.20592419455,121901.74333570439,2.1739924070136616,195659.31663122954,9,achieved within horizon,illustrative_generic_treatment_v1,demonstration_only
park-889,20171-B002-101,Public Toilet,Franklin,450000.0,Public Toilet - (Wilsons Beach & access),Clarks Beach-Wilson Beach Access,Building Level 3,Franklin,3,41955.75,27271.2375,14684.5125,0.35000000000000003,90000.0,1.0,90000.0,900.0,30,0.05,225736.94925989895,13835.205924194559,103835.20592419455,121901.74333570439,2.1739924070136616,195659.31663122954,9,achieved within horizon,illustrative_generic_treatment_v1,demonstration_only
park-907,10154-B003-151,Public Toilet,Orakei,450000.0,Toilet - H37 (Stone Toilet-Male),Selwyn Reserve - Mission Bay,Building Level 3,Orakei,3,41955.75,27271.2375,14684.5125,0.35000000000000003,90000.0,1.0,90000.0,900.0,30,0.05,225736.94925989895,13835.205924194559,103835.20592419455,121901.74333570439,2.1739924070136616,195659.31663122954,9,achieved within horizon,illustrative_generic_treatment_v1,demonstration_only
park-1754,20605-L100-230-EXW-L02,Playspace - Public Access,Waitakere Ranges,400000.0,PS_Courts,Huia Domain,Playspace Location,Waitakere Ranges,2,37294.0,24241.1,13052.900000000001,0.35000000000000003,80000.0,1.0,80000.0,800.0,30,0.05,200655.06600879907,12297.960821506274,92297.96082150628,108357.1051872928,2.1739924070136616,173919.3925610929,9,achieved within horizon,illustrative_generic_treatment_v1,demonstration_only
park-1013,20823-L100-230-EXW-001,Playground - Public Access,Puketapapa,300000.0,PS_Playground Rqu11,Taylors Bay Road Reserve,Playground Location,Puketapapa,2,27970.5,18180.825,9789.675,0.35,60000.0,1.0,60000.0,600.0,30,0.05,150491.2995065993,9223.470616129705,69223.4706161297,81267.82889046958,2.1739924070136616,130439.54442081969,9,achieved within horizon,illustrative_generic_treatment_v1,demonstration_only
park-1029,10035-L100-230-EXW-001,Playground - Public Access,Waiheke,300000.0,PS_Playground Rq698,Ostend Domain,Playground Location,Waiheke-Great Barrier,2,27970.5,18180.825,9789.675,0.35,60000.0,1.0,60000.0,600.0,30,0.05,150491.2995065993,9223.470616129705,69223.4706161297,81267.82889046958,2.1739924070136616,130439.54442081969,9,achieved within horizon,illustrative_generic_treatment_v1,demonstration_only
park-1046,21819-L100-230-EXW-001,Playground - Public Access,Papakura,300000.0,PS_Playground,Brylee Drive Reserve,Playground Location,Papakura,2,27970.5,18180.825,9789.675,0.35,60000.0,1.0,60000.0,600.0,30,0.05,150491.2995065993,9223.470616129705,69223.4706161297,81267.82889046958,2.1739924070136616,130439.54442081969,9,achieved within horizon,illustrative_generic_treatment_v1,demonstration_only
park-1051,10529-L100-230-EXW-001,Playground - Public Access,Franklin,300000.0,PS_Playground,Clarks Beach Boat Ramp,Playground Location,Franklin,2,27970.5,18180.825,9789.675,0.35,60000.0,1.0,60000.0,600.0,30,0.05,150491.2995065993,9223.470616129705,69223.4706161297,81267.82889046958,2.1739924070136616,130439.54442081969,9,achieved within horizon,illustrative_generic_treatment_v1,demonstration_only
park-1052,20509-L100-230-EXW-001,Playground - Public Access,Henderson-Massey,300000.0,PS_Playground,Kelvin Strand,Playground Location,Henderson-Massey,2,27970.5,18180.825,9789.675,0.35,60000.0,1.0,60000.0,600.0,30,0.05,150491.2995065993,9223.470616129705,69223.4706161297,81267.82889046958,2.1739924070136616,130439.54442081969,9,achieved within horizon,illustrative_generic_treatment_v1,demonstration_only
park-1063,10605-L100-230-EXW-001,Playground - Public Access,Franklin,300000.0,PS_Playground,Whitford Point Reserve,Playground Location,Franklin,2,27970.5,18180.825,9789.675,0.35,60000.0,1.0,60000.0,600.0,30,0.05,150491.2995065993,9223.470616129705,69223.4706161297,81267.82889046958,2.1739924070136616,130439.54442081969,9,achieved within horizon,illustrative_generic_treatment_v1,demonstration_only
park-1070,11087-L100-230-EXW-001,Playground - Public Access,Devonport-Takapuna,300000.0,PS_Playground (Whole)-,Stanley Bay Park,Playground Location,Devonport-Takapuna,2,27970.5,18180.825,9789.675,0.35,60000.0,1.0,60000.0,600.0,30,0.05,150491.2995065993,9223.470616129705,69223.4706161297,81267.82889046958,2.1739924070136616,130439.54442081969,9,achieved within horizon,illustrative_generic_treatment_v1,demonstration_only
park-1078,22865-L100-230-EXW-001,Playground - Public Access,Franklin,300000.0,PS_Playground,Orua Bay Reserves,Playground Location,Franklin,2,27970.5,18180.825,9789.675,0.35,60000.0,1.0,60000.0,600.0,30,0.05,150491.2995065993,9223.470616129705,69223.4706161297,81267.82889046958,2.1739924070136616,130439.54442081969,9,achieved within horizon,illustrative_generic_treatment_v1,demonstration_only
park-1095,21423-L100-230-EXW-001,Playground - Public Access,Waitakere Ranges,300000.0,PS_Playground,Laingholm Reserve,Playground Location,Waitakere Ranges,2,27970.5,18180.825,9789.675,0.35,60000.0,1.0,60000.0,600.0,30,0.05,150491.2995065993,9223.470616129705,69223.4706161297,81267.82889046958,2.1739924070136616,130439.54442081969,9,achieved within horizon,illustrative_generic_treatment_v1,demonstration_only
park-1101,20660-L100-230-EXW-001,Playground - Public Access,Franklin,300000.0,PS_Playground,Glenbrook Beach Beachfront,Playground Location,Franklin,2,27970.5,18180.825,9789.675,0.35,60000.0,1.0,60000.0,600.0,30,0.05,150491.2995065993,9223.470616129705,69223.4706161297,81267.82889046958,2.1739924070136616,130439.54442081969,9,achieved within horizon,illustrative_generic_treatment_v1,demonstration_only
park-1112,22474-L100-230-EXW-001,Playground - Public Access,Rodney,300000.0,PS_Playground (Whole)-,Te Moau Reserve&River Esplanade,Playground Location,Rodney,2,27970.5,18180.825,9789.675,0.35,60000.0,1.0,60000.0,600.0,30,0.05,150491.2995065993,9223.470616129705,69223.4706161297,81267.82889046958,2.1739924070136616,130439.54442081969,9,achieved within horizon,illustrative_generic_treatment_v1,demonstration_only
park-1124,10845-L100-230-EXW-001,Playground - Public Access,Howick,300000.0,PS_Playground,Cockle Bay Reserve,Playground Location,Howick,2,27970.5,18180.825,9789.675,0.35,60000.0,1.0,60000.0,600.0,30,0.05,150491.2995065993,9223.470616129705,69223.4706161297,81267.82889046958,2.1739924070136616,130439.54442081969,9,achieved within horizon,illustrative_generic_treatment_v1,demonstration_only
park-1139,22445-L100-230-EXW-001,Playground - Public Access,Rodney,300000.0,PS_Playground (Whole)-,Baddeleys Beach Reserve,Playground Location,Rodney,2,27970.5,18180.825,9789.675,0.35,60000.0,1.0,60000.0,600.0,30,0.05,150491.2995065993,9223.470616129705,69223.4706161297,81267.82889046958,2.1739924070136616,130439.54442081969,9,achieved within horizon,illustrative_generic_treatment_v1,demonstration_only
park-1148,10391-L100-230-EXW-001,Playground - Public Access,Whau,300000.0,PS_Playground,Blockhouse Bay Beach Reserve,Playground Location,Whau,2,27970.5,18180.825,9789.675,0.35,60000.0,1.0,60000.0,600.0,30,0.05,150491.2995065993,9223.470616129705,69223.4706161297,81267.82889046958,2.1739924070136616,130439.54442081969,9,achieved within horizon,illustrative_generic_treatment_v1,demonstration_only
park-1170,10791-L100-230-EXW-001,Playground - Public Access,Franklin,300000.0,PS_Playground,Rautawa Place Reserve,Playground Location,Franklin,2,27970.5,18180.825,9789.675,0.35,60000.0,1.0,60000.0,600.0,30,0.05,150491.2995065993,9223.470616129705,69223.4706161297,81267.82889046958,2.1739924070136616,130439.54442081969,9,achieved within horizon,illustrative_generic_treatment_v1,demonstration_only
park-1180,21480-L100-230-EXW-001,Playground - Public Access,Franklin,300000.0,PS_Playground,Big Bay Reserve,Playground Location,Franklin,2,27970.5,18180.825,9789.675,0.35,60000.0,1.0,60000.0,600.0,30,0.05,150491.2995065993,9223.470616129705,69223.4706161297,81267.82889046958,2.1739924070136616,130439.54442081969,9,achieved within horizon,illustrative_generic_treatment_v1,demonstration_only
park-1199,20007-L100-230-EXW-001,Playground - Public Access,Devonport-Takapuna,300000.0,PS_Playground (Whole)-,Windsor Reserve,Playground Location,Devonport-Takapuna,2,27970.5,18180.825,9789.675,0.35,60000.0,1.0,60000.0,600.0,30,0.05,150491.2995065993,9223.470616129705,69223.4706161297,81267.82889046958,2.1739924070136616,130439.54442081969,9,achieved within horizon,illustrative_generic_treatment_v1,demonstration_only
park-1202,11275-L100-230-EXW-002,Playground - Public Access,Hibiscus and Bays,300000.0,PS_Playground (Whole)-Beach foreshore,Stanmore Bay Park,Playground Location,Hibiscus and Bays,2,27970.5,18180.825,9789.675,0.35,60000.0,1.0,60000.0,600.0,30,0.05,150491.2995065993,9223.470616129705,69223.4706161297,81267.82889046958,2.1739924070136616,130439.54442081969,9,achieved within horizon,illustrative_generic_treatment_v1,demonstration_only
park-1212,22237-L100-230-EXW-001,Playground - Public Access,Rodney,300000.0,PS_Playground (Whole)-,Sandspit Reserve - Rodney,Playground Location,Rodney,2,27970.5,18180.825,9789.675,0.35,60000.0,1.0,60000.0,600.0,30,0.05,150491.2995065993,9223.470616129705,69223.4706161297,81267.82889046958,2.1739924070136616,130439.54442081969,9,achieved within horizon,illustrative_generic_treatment_v1,demonstration_only
park-1218,11088-L100-230-EXW-001,Playground - Public Access,Devonport-Takapuna,300000.0,PS_Playground (Whole)-,Wairoa Road Reserve,Playground Location,Devonport-Takapuna,2,27970.5,18180.825,9789.675,0.35,60000.0,1.0,60000.0,600.0,30,0.05,150491.2995065993,9223.470616129705,69223.4706161297,81267.82889046958,2.1739924070136616,130439.54442081969,9,achieved within horizon,illustrative_generic_treatment_v1,demonstration_only
park-1220,22175-L100-230-EXW-001,Playground - Public Access,Rodney,300000.0,PS_Playground-Main Play Area,Port Albert Wharf Reserve,Playground Location,Rodney,2,27970.5,18180.825,9789.675,0.35,60000.0,1.0,60000.0,600.0,30,0.05,150491.2995065993,9223.470616129705,69223.4706161297,81267.82889046958,2.1739924070136616,130439.54442081969,9,achieved within horizon,illustrative_generic_treatment_v1,demonstration_only
park-1229,20346-L100-230-EXW-001,Playground - Public Access,Franklin,300000.0,PS_Playground,Hudsons Beach Recreation Reserve,Playground Location,Franklin,2,27970.5,18180.825,9789.675,0.35,60000.0,1.0,60000.0,600.0,30,0.05,150491.2995065993,9223.470616129705,69223.4706161297,81267.82889046958,2.1739924070136616,130439.54442081969,9,achieved within horizon,illustrative_generic_treatment_v1,demonstration_only
park-1253,20684-L100-230-EXW-001,Playground - Public Access,Aotea/Great Barrier,300000.0,PS_Playground Raa88,Motairehe 1,Playground Location,Waiheke-Great Barrier,2,27970.5,18180.825,9789.675,0.35,60000.0,1.0,60000.0,600.0,30,0.05,150491.2995065993,9223.470616129705,69223.4706161297,81267.82889046958,2.1739924070136616,130439.54442081969,9,achieved within horizon,illustrative_generic_treatment_v1,demonstration_only
park-1257,20554-L100-230-EXW-001,Playground - Public Access,Waiheke,300000.0,PS_Playground Rq693,The Esplanade Blackpool,Playground Location,Waiheke-Great Barrier,2,27970.5,18180.825,9789.675,0.35,60000.0,1.0,60000.0,600.0,30,0.05,150491.2995065993,9223.470616129705,69223.4706161297,81267.82889046958,2.1739924070136616,130439.54442081969,9,achieved within horizon,illustrative_generic_treatment_v1,demonstration_only
park-1267,10314-L100-230-EXW-001,Playground - Public Access,Aotea/Great Barrier,300000.0,PS_Playground Raa85,Medlands Playground Reserve,Playground Location,Waiheke-Great Barrier,2,27970.5,18180.825,9789.675,0.35,60000.0,1.0,60000.0,600.0,30,0.05,150491.2995065993,9223.470616129705,69223.4706161297,81267.82889046958,2.1739924070136616,130439.54442081969,9,achieved within horizon,illustrative_generic_treatment_v1,demonstration_only
park-1309,10736-L100-230-EXW-001,Playground - Public Access,Mangere-Otahuhu,300000.0,PS_Playground,Kiwi Esplanade (Boat Ramp),Playground Location,Mangere-Otahuhu,2,27970.5,18180.825,9789.675,0.35,60000.0,1.0,60000.0,600.0,30,0.05,150491.2995065993,9223.470616129705,69223.4706161297,81267.82889046958,2.1739924070136616,130439.54442081969,9,achieved within horizon,illustrative_generic_treatment_v1,demonstration_only
park-1327,20919-L100-230-EXW-001,Playground - Public Access,Kaipatiki,300000.0,PS_Playground (Whole)-,Rotary Grove (Northcote),Playground Location,Kaipatiki,2,27970.5,18180.825,9789.675,0.35,60000.0,1.0,60000.0,600.0,30,0.05,150491.2995065993,9223.470616129705,69223.4706161297,81267.82889046958,2.1739924070136616,130439.54442081969,9,achieved within horizon,illustrative_generic_treatment_v1,demonstration_only
park-1336,20299-L100-230-EXW-001,Playground - Public Access,Devonport-Takapuna,300000.0,PS_Playground (Whole)-,Melrose Reserve,Playground Location,Devonport-Takapuna,2,27970.5,18180.825,9789.675,0.35,60000.0,1.0,60000.0,600.0,30,0.05,150491.2995065993,9223.470616129705,69223.4706161297,81267.82889046958,2.1739924070136616,130439.54442081969,9,achieved within horizon,illustrative_generic_treatment_v1,demonstration_only
park-1372,22448-L100-230-EXW-001,Playground - Public Access,Rodney,300000.0,PS_Playground (Whole)-,Campbells Beach Reserve,Playground Location,Rodney,2,27970.5,18180.825,9789.675,0.35,60000.0,1.0,60000.0,600.0,30,0.05,150491.2995065993,9223.470616129705,69223.4706161297,81267.82889046958,2.1739924070136616,130439.54442081969,9,achieved within horizon,illustrative_generic_treatment_v1,demonstration_only
park-1405,20518-L100-230-EXW-001,Playground - Public Access,Hibiscus and Bays,300000.0,PS_Playground (Whole)-,Manly Park,Playground Location,Hibiscus and Bays,2,27970.5,18180.825,9789.675,0.35,60000.0,1.0,60000.0,600.0,30,0.05,150491.2995065993,9223.470616129705,69223.4706161297,81267.82889046958,2.1739924070136616,130439.54442081969,9,achieved within horizon,illustrative_generic_treatment_v1,demonstration_only
park-1406,11246-L100-230-EXW-001,Playground - Public Access,Rodney,300000.0,PS_Playground (Whole) - Foreshore,Shelly Beach Reserve,Playground Location,Rodney,2,27970.5,18180.825,9789.675,0.35,60000.0,1.0,60000.0,600.0,30,0.05,150491.2995065993,9223.470616129705,69223.4706161297,81267.82889046958,2.1739924070136616,130439.54442081969,9,achieved within horizon,illustrative_generic_treatment_v1,demonstration_only
park-1416,20605-L100-230-EXW-001,Playground - Public Access,Waitakere Ranges,300000.0,PS_Playground,Huia Domain,Playground Location,Waitakere Ranges,2,27970.5,18180.825,9789.675,0.35,60000.0,1.0,60000.0,600.0,30,0.05,150491.2995065993,9223.470616129705,69223.4706161297,81267.82889046958,2.1739924070136616,130439.54442081969,9,achieved within horizon,illustrative_generic_treatment_v1,demonstration_only
park-1417,20291-L100-230-EXW-001,Playground - Public Access,Devonport-Takapuna,300000.0,PS_Playground (Whole)-,Lansdowne Reserve,Playground Location,Devonport-Takapuna,2,27970.5,18180.825,9789.675,0.35,60000.0,1.0,60000.0,600.0,30,0.05,150491.2995065993,9223.470616129705,69223.4706161297,81267.82889046958,2.1739924070136616,130439.54442081969,9,achieved within horizon,illustrative_generic_treatment_v1,demonstration_only
park-1460,10028-L100-230-EXW-001,Playground - Public Access,Waiheke,300000.0,PS_Playground Rq708,Waiheke Island Sports Club,Playground Location,Waiheke-Great Barrier,2,27970.5,18180.825,9789.675,0.35,60000.0,1.0,60000.0,600.0,30,0.05,150491.2995065993,9223.470616129705,69223.4706161297,81267.82889046958,2.1739924070136616,130439.54442081969,9,achieved within horizon,illustrative_generic_treatment_v1,demonstration_only
park-1463,10020-L100-230-EXW-002,Playground - Public Access,Maungakiekie-Tamaki,300000.0,PS_Playground Rwv67 Off 98 Ireland,Panmure Basin/Peterson Reserve,Playground Location,Maungakiekie-Tamaki,2,27970.5,18180.825,9789.675,0.35,60000.0,1.0,60000.0,600.0,30,0.05,150491.2995065993,9223.470616129705,69223.4706161297,81267.82889046958,2.1739924070136616,130439.54442081969,9,achieved within horizon,illustrative_generic_treatment_v1,demonstration_only
park-1471,21244-L100-230-EXW-001,Playground - Public Access,Franklin,300000.0,PS_Playground,Te Toro Recreation Reserve,Playground Location,Franklin,2,27970.5,18180.825,9789.675,0.35,60000.0,1.0,60000.0,600.0,30,0.05,150491.2995065993,9223.470616129705,69223.4706161297,81267.82889046958,2.1739924070136616,130439.54442081969,9,achieved within horizon,illustrative_generic_treatment_v1,demonstration_only
park-1534,11274-L100-230-EXW-001,Playground - Public Access,Rodney,300000.0,PS_Playground-Outside BBQ area,"Whangateau Reserve, Holiday Park & Hall",Playground Location,Rodney,2,27970.5,18180.825,9789.675,0.35,60000.0,1.0,60000.0,600.0,30,0.05,150491.2995065993,9223.470616129705,69223.4706161297,81267.82889046958,2.1739924070136616,130439.54442081969,9,achieved within horizon,illustrative_generic_treatment_v1,demonstration_only
park-1539,22165-L100-230-EXW-001,Playground - Public Access,Rodney,300000.0,PS_Playground (Whole)-,Point Wells Foreshore Reserve,Playground Location,Rodney,2,27970.5,18180.825,9789.675,0.35,60000.0,1.0,60000.0,600.0,30,0.05,150491.2995065993,9223.470616129705,69223.4706161297,81267.82889046958,2.1739924070136616,130439.54442081969,9,achieved within horizon,illustrative_generic_treatment_v1,demonstration_only
park-1553,20447-L100-230-EXW-001,Playground - Public Access,Devonport-Takapuna,300000.0,PS_Playground (Whole)-,Holloway Reserve (Prev Aramoana Reserve),Playground Location,Devonport-Takapuna,2,27970.5,18180.825,9789.675,0.35,60000.0,1.0,60000.0,600.0,30,0.05,150491.2995065993,9223.470616129705,69223.4706161297,81267.82889046958,2.1739924070136616,130439.54442081969,9,achieved within horizon,illustrative_generic_treatment_v1,demonstration_only
park-1555,10927-L100-230-EXW-001,Playground - Public Access,Kaipatiki,300000.0,PS_Playground (Whole)-,Onepoto Domain,Playground Location,Kaipatiki,2,27970.5,18180.825,9789.675,0.35,60000.0,1.0,60000.0,600.0,30,0.05,150491.2995065993,9223.470616129705,69223.4706161297,81267.82889046958,2.1739924070136616,130439.54442081969,9,achieved within horizon,illustrative_generic_treatment_v1,demonstration_only
park-1595,21933-L100-230-EXW-001,Playground - Public Access,Franklin,300000.0,PS_Playground,Sandspit Reserve - Waiuku,Playground Location,Franklin,2,27970.5,18180.825,9789.675,0.35,60000.0,1.0,60000.0,600.0,30,0.05,150491.2995065993,9223.470616129705,69223.4706161297,81267.82889046958,2.1739924070136616,130439.54442081969,9,achieved within horizon,illustrative_generic_treatment_v1,demonstration_only
park-1648,21798-L100-230-EXW-001,Playground - Public Access,Orakei,300000.0,PS_Playground Rvl83,Okahu Bay Reserve,Playground Location,Orakei,2,27970.5,18180.825,9789.675,0.35,60000.0,1.0,60000.0,600.0,30,0.05,150491.2995065993,9223.470616129705,69223.4706161297,81267.82889046958,2.1739924070136616,130439.54442081969,9,achieved within horizon,illustrative_generic_treatment_v1,demonstration_only
park-1697,11274-L200-230-EXW-001,Playground - Public Access,Rodney,300000.0,PS_Playground_Whangateau Domain,"Whangateau Reserve, Holiday Park & Hall",Playground Location,Rodney,2,27970.5,18180.825,9789.675,0.35,60000.0,1.0,60000.0,600.0,30,0.05,150491.2995065993,9223.470616129705,69223.4706161297,81267.82889046958,2.1739924070136616,130439.54442081969,9,achieved within horizon,illustrative_generic_treatment_v1,demonstration_only
park-1698,22175-L100-230-EXW-002,Playground - Public Access,Rodney,300000.0,PS_Playground-Boat Sandpit,Port Albert Wharf Reserve,Playground Location,Rodney,2,27970.5,18180.825,9789.675,0.35,60000.0,1.0,60000.0,600.0,30,0.05,150491.2995065993,9223.470616129705,69223.4706161297,81267.82889046958,2.1739924070136616,130439.54442081969,9,achieved within horizon,illustrative_generic_treatment_v1,demonstration_only
park-1708,10340-L100-230-EXW-L04,Playground - Public Access,Maungakiekie-Tamaki,300000.0,PS_Playground,Onehunga Bay Reserve,Playground Location,Maungakiekie-Tamaki,2,27970.5,18180.825,9789.675,0.35,60000.0,1.0,60000.0,600.0,30,0.05,150491.2995065993,9223.470616129705,69223.4706161297,81267.82889046958,2.1739924070136616,130439.54442081969,9,achieved within horizon,illustrative_generic_treatment_v1,demonstration_only
park-1759,12942-L151-230-EXW-001,Playground - Public Access,Kaipatiki,300000.0,PS_Playground (Whole)-,Hilders Park,Playground Location,Kaipatiki,2,27970.5,18180.825,9789.675,0.35,60000.0,1.0,60000.0,600.0,30,0.05,150491.2995065993,9223.470616129705,69223.4706161297,81267.82889046958,2.1739924070136616,130439.54442081969,9,achieved within horizon,illustrative_generic_treatment_v1,demonstration_only
park-1836,10530-L100-230-EXW-001,Playground - Public Access,Franklin,300000.0,PS_Playground,Grahams Beach Road Reserve,Playground Location,Franklin,2,27970.5,18180.825,9789.675,0.35,60000.0,1.0,60000.0,600.0,30,0.05,150491.2995065993,9223.470616129705,69223.4706161297,81267.82889046958,2.1739924070136616,130439.54442081969,9,achieved within horizon,illustrative_generic_treatment_v1,demonstration_only
park-923,10236-L100-230-EXW-L01,Playground - Public Access,Waitemata,300000.0,PS_Playground,Parnell Salt Water Baths,Playground Location,Waitemata,2,27970.5,18180.825,9789.675,0.35,60000.0,1.0,60000.0,600.0,30,0.05,150491.2995065993,9223.470616129705,69223.4706161297,81267.82889046958,2.1739924070136616,130439.54442081969,9,achieved within horizon,illustrative_generic_treatment_v1,demonstration_only
park-972,11369-L100-230-EXW-001,Playground - Public Access,Waitakere Ranges,300000.0,PS_Playground,Titirangi Beach,Playground Location,Waitakere Ranges,2,27970.5,18180.825,9789.675,0.35,60000.0,1.0,60000.0,600.0,30,0.05,150491.2995065993,9223.470616129705,69223.4706161297,81267.82889046958,2.1739924070136616,130439.54442081969,9,achieved within horizon,illustrative_generic_treatment_v1,demonstration_only
park-982,10928-L152-230-EXW-001,Playground - Public Access,Manurewa,300000.0,PS_Playground,Kauri Point Reserve,Playground Location,Manurewa,2,27970.5,18180.825,9789.675,0.35,60000.0,1.0,60000.0,600.0,30,0.05,150491.2995065993,9223.470616129705,69223.4706161297,81267.82889046958,2.1739924070136616,130439.54442081969,9,achieved within horizon,illustrative_generic_treatment_v1,demonstration_only
park-1729,11090-L100-230-EXW-L01,Fitness Station - Public Access,Hibiscus and Bays,150000.0,PS_Fitness Station,Aickin Reserve,Fitness Location,Hibiscus and Bays,2,13985.25,9090.4125,4894.8375,0.35,50000.0,1.0,50000.0,500.0,30,0.05,75245.64975329964,7686.225513441421,57686.22551344142,17559.42423985822,1.3043954442081969,65219.77221040984,18,achieved within horizon,illustrative_generic_treatment_v1,demonstration_only
park-1751,22500-L100-230-EXW-L01,Fitness Station - Public Access,Henderson-Massey,150000.0,PS_Fitness Station,Sherwood Park,Fitness Location,Henderson-Massey,2,13985.25,9090.4125,4894.8375,0.35,50000.0,1.0,50000.0,500.0,30,0.05,75245.64975329964,7686.225513441421,57686.22551344142,17559.42423985822,1.3043954442081969,65219.77221040984,18,achieved within horizon,illustrative_generic_treatment_v1,demonstration_only
park-1763,11426-L100-230-EXW-L01,Fitness Station - Public Access,Henderson-Massey,150000.0,PS_Fitness Station,Coletta Esplanade,Fitness Location,Henderson-Massey,2,13985.25,9090.4125,4894.8375,0.35,50000.0,1.0,50000.0,500.0,30,0.05,75245.64975329964,7686.225513441421,57686.22551344142,17559.42423985822,1.3043954442081969,65219.77221040984,18,achieved within horizon,illustrative_generic_treatment_v1,demonstration_only
park-1776,10754-L100-230-EXW-L02,Fitness Station - Public Access,Howick,150000.0,PS_Fitness Station,Bramley Drive Reserve,Fitness Location,Howick,2,13985.25,9090.4125,4894.8375,0.35,50000.0,1.0,50000.0,500.0,30,0.05,75245.64975329964,7686.225513441421,57686.22551344142,17559.42423985822,1.3043954442081969,65219.77221040984,18,achieved within horizon,illustrative_generic_treatment_v1,demonstration_only
park-1795,21933-L100-230-EXW-L02,Fitness Station - Public Access,Franklin,150000.0,PS_Fitness Station,Sandspit Reserve - Waiuku,Fitness Location,Franklin,2,13985.25,9090.4125,4894.8375,0.35,50000.0,1.0,50000.0,500.0,30,0.05,75245.64975329964,7686.225513441421,57686.22551344142,17559.42423985822,1.3043954442081969,65219.77221040984,18,achieved within horizon,illustrative_generic_treatment_v1,demonstration_only
park-1187,11068-L100-230-EXW-002,Playground - Public Access,Devonport-Takapuna,300000.0,PS_Playground (Whole),Milford Reserve,Playground Location,Devonport-Takapuna,2,10852.5,7054.125,3798.375,0.35,60000.0,1.0,60000.0,600.0,30,0.05,58390.33366923612,9223.470616129705,69223.4706161297,-10833.136946893588,0.8435048567996912,50610.291407981465,,not achieved within horizon,illustrative_generic_treatment_v1,demonstration_only
park-1194,22255-L100-230-EXW-001,Playground - Public Access,Rodney,300000.0,PS_Playground (Whole)-,Matheson Bay Reserve,Playground Location,Rodney,2,10852.5,7054.125,3798.375,0.35,60000.0,1.0,60000.0,600.0,30,0.05,58390.33366923612,9223.470616129705,69223.4706161297,-10833.136946893588,0.8435048567996912,50610.291407981465,,not achieved within horizon,illustrative_generic_treatment_v1,demonstration_only
park-1254,10020-L100-230-EXW-001,Playground - Public Access,Maungakiekie-Tamaki,300000.0,PS_Playground Rdv80 off Patterson rd,Panmure Basin/Peterson Reserve,Playground Location,Maungakiekie-Tamaki,2,10852.5,7054.125,3798.375,0.35,60000.0,1.0,60000.0,600.0,30,0.05,58390.33366923612,9223.470616129705,69223.4706161297,-10833.136946893588,0.8435048567996912,50610.291407981465,,not achieved within horizon,illustrative_generic_treatment_v1,demonstration_only
park-1293,10063-L100-230-EXW-001,Playground - Public Access,Orakei,300000.0,PS_Playground-Cnr Ridell Rd Roberta Ave,Roberta Reserve,Playground Location,Orakei,2,10852.5,7054.125,3798.375,0.35,60000.0,1.0,60000.0,600.0,30,0.05,58390.33366923612,9223.470616129705,69223.4706161297,-10833.136946893588,0.8435048567996912,50610.291407981465,,not achieved within horizon,illustrative_generic_treatment_v1,demonstration_only
park-1543,21063-L100-230-EXW-001,Playground - Public Access,Waitakere Ranges,300000.0,PS_Playground,Wood Bay Reserve,Playground Location,Waitakere Ranges,2,10852.5,7054.125,3798.375,0.35,60000.0,1.0,60000.0,600.0,30,0.05,58390.33366923612,9223.470616129705,69223.4706161297,-10833.136946893588,0.8435048567996912,50610.291407981465,,not achieved within horizon,illustrative_generic_treatment_v1,demonstration_only
park-1609,22512-L100-230-EXW-001,Playground - Public Access,Upper Harbour,300000.0,PS_Playground (Whole)-,Christmas Beach,Playground Location,Upper Harbour,2,10852.5,7054.125,3798.375,0.35,60000.0,1.0,60000.0,600.0,30,0.05,58390.33366923612,9223.470616129705,69223.4706161297,-10833.136946893588,0.8435048567996912,50610.291407981465,,not achieved within horizon,illustrative_generic_treatment_v1,demonstration_only
park-1685,Panuku Playground 2,Playground - Public Access,Unknown,300000.0,,,Playground Location,Unmapped / not supplied,2,10852.5,7054.125,3798.375,0.35,60000.0,1.0,60000.0,600.0,30,0.05,58390.33366923612,9223.470616129705,69223.4706161297,-10833.136946893588,0.8435048567996912,50610.291407981465,,not achieved within horizon,illustrative_generic_treatment_v1,demonstration_only
park-182,10488-B077-151,Public Toilet,Waitakere Ranges,450000.0,Vault Toilets Fire Break - Wtks,Waitakere South Regional Park,Building Level 3,Waitakere Ranges,3,16278.75,10581.1875,5697.5625,0.35,90000.0,1.0,90000.0,900.0,30,0.05,87585.50050385417,13835.205924194559,103835.20592419455,-16249.705420340382,0.8435048567996911,75915.43711197219,,not achieved within horizon,illustrative_generic_treatment_v1,demonstration_only
park-1862,10491-B152-152,Public Toilet,Rodney,450000.0,Prawn Shed Toilet,Te Rau Puriri Regional Park,Building Level 3,Rodney,3,16278.75,10581.1875,5697.5625,0.35,90000.0,1.0,90000.0,900.0,30,0.05,87585.50050385417,13835.205924194559,103835.20592419455,-16249.705420340382,0.8435048567996911,75915.43711197219,,not achieved within horizon,illustrative_generic_treatment_v1,demonstration_only
park-1896,33744-B003-100,Public Toilet,Waitemata,450000.0,Westhaven - (Q Pier) Toilets,Westhaven Marina South,Building Level 3,Waitemata,3,16278.75,10581.1875,5697.5625,0.35,90000.0,1.0,90000.0,900.0,30,0.05,87585.50050385417,13835.205924194559,103835.20592419455,-16249.705420340382,0.8435048567996911,75915.43711197219,,not achieved within horizon,illustrative_generic_treatment_v1,demonstration_only
park-1923,22376-B003-151,Public Toilet,Rodney,450000.0,Toilet-Big Omaha Wharf,Big Omaha Wharf,Building Level 3,Rodney,3,16278.75,10581.1875,5697.5625,0.35,90000.0,1.0,90000.0,900.0,30,0.05,87585.50050385417,13835.205924194559,103835.20592419455,-16249.705420340382,0.8435048567996911,75915.43711197219,,not achieved within horizon,illustrative_generic_treatment_v1,demonstration_only
park-1939,33755-B002-100,Public Toilet,Waitemata,450000.0,Eastern Viaduct Toilets,Viaduct,Building Level 3,Waitemata,3,16278.75,10581.1875,5697.5625,0.35,90000.0,1.0,90000.0,900.0,30,0.05,87585.50050385417,13835.205924194559,103835.20592419455,-16249.705420340382,0.8435048567996911,75915.43711197219,,not achieved within horizon,illustrative_generic_treatment_v1,demonstration_only
park-1941,33752-B003-100,Public Toilet,Waitemata,450000.0,Karanga Toilets,Karanga Plaza,Building Level 3,Waitemata,3,16278.75,10581.1875,5697.5625,0.35,90000.0,1.0,90000.0,900.0,30,0.05,87585.50050385417,13835.205924194559,103835.20592419455,-16249.705420340382,0.8435048567996911,75915.43711197219,,not achieved within horizon,illustrative_generic_treatment_v1,demonstration_only
park-1942,33748-B005-100,Public Toilet,Waitemata,450000.0,Playground Toilets,Silo Park,Building Level 3,Waitemata,3,16278.75,10581.1875,5697.5625,0.35,90000.0,1.0,90000.0,900.0,30,0.05,87585.50050385417,13835.205924194559,103835.20592419455,-16249.705420340382,0.8435048567996911,75915.43711197219,,not achieved within horizon,illustrative_generic_treatment_v1,demonstration_only
park-1946,33748-B002-100,Public Toilet,Waitemata,450000.0,Silo Toilets,Silo Park,Building Level 3,Waitemata,3,16278.75,10581.1875,5697.5625,0.35,90000.0,1.0,90000.0,900.0,30,0.05,87585.50050385417,13835.205924194559,103835.20592419455,-16249.705420340382,0.8435048567996911,75915.43711197219,,not achieved within horizon,illustrative_generic_treatment_v1,demonstration_only
park-216,10605-B001-151,Public Toilet,Franklin,450000.0,Kawakawa Bay Whitford Park Toilets,Whitford Point Reserve,Building Level 3,Franklin,3,16278.75,10581.1875,5697.5625,0.35,90000.0,1.0,90000.0,900.0,30,0.05,87585.50050385417,13835.205924194559,103835.20592419455,-16249.705420340382,0.8435048567996911,75915.43711197219,,not achieved within horizon,illustrative_generic_treatment_v1,demonstration_only
park-218,10613-B001-151,Public Toilet,Howick,450000.0,Toilet-Subritzky Ramp(Ara Tai Esplanade),Ara Tai Esplanade Reserve,Building Level 3,Howick,3,16278.75,10581.1875,5697.5625,0.35,90000.0,1.0,90000.0,900.0,30,0.05,87585.50050385417,13835.205924194559,103835.20592419455,-16249.705420340382,0.8435048567996911,75915.43711197219,,not achieved within horizon,illustrative_generic_treatment_v1,demonstration_only
park-256,10782-B002-151,Public Toilet,Howick,450000.0,Eastern Beach South Toilet & Changeblock,Eastern Beach Playground Park,Building Level 3,Howick,3,16278.75,10581.1875,5697.5625,0.35,90000.0,1.0,90000.0,900.0,30,0.05,87585.50050385417,13835.205924194559,103835.20592419455,-16249.705420340382,0.8435048567996911,75915.43711197219,,not achieved within horizon,illustrative_generic_treatment_v1,demonstration_only
park-280,10470-B004-151,Public Toilet,Franklin,450000.0,Long Drop Toilet-Brook Rd Esp Reserve,Awhitu Regional Park,Building Level 3,Franklin,3,16278.75,10581.1875,5697.5625,0.35,90000.0,1.0,90000.0,900.0,30,0.05,87585.50050385417,13835.205924194559,103835.20592419455,-16249.705420340382,0.8435048567996911,75915.43711197219,,not achieved within horizon,illustrative_generic_treatment_v1,demonstration_only
park-321,11246-B002-151,Public Toilet,Rodney,450000.0,Toilet-(Shelly Beach Reserve)50m South,Shelly Beach Reserve,Building Level 3,Rodney,3,16278.75,10581.1875,5697.5625,0.35,90000.0,1.0,90000.0,900.0,30,0.05,87585.50050385417,13835.205924194559,103835.20592419455,-16249.705420340382,0.8435048567996911,75915.43711197219,,not achieved within horizon,illustrative_generic_treatment_v1,demonstration_only
park-346,11378-B001-151,Public Toilet,Waitakere Ranges,450000.0,Toilet- (Te Henga Park),Te Henga Park,Building Level 3,Waitakere Ranges,3,16278.75,10581.1875,5697.5625,0.35,90000.0,1.0,90000.0,900.0,30,0.05,87585.50050385417,13835.205924194559,103835.20592419455,-16249.705420340382,0.8435048567996911,75915.43711197219,,not achieved within horizon,illustrative_generic_treatment_v1,demonstration_only
park-37,10020-B006-151,Public Toilet,Maungakiekie-Tamaki,450000.0,Toilet - T11,Panmure Basin/Peterson Reserve,Building Level 3,Maungakiekie-Tamaki,3,16278.75,10581.1875,5697.5625,0.35,90000.0,1.0,90000.0,900.0,30,0.05,87585.50050385417,13835.205924194559,103835.20592419455,-16249.705420340382,0.8435048567996911,75915.43711197219,,not achieved within horizon,illustrative_generic_treatment_v1,demonstration_only
park-412,10496-B002-151,Public Toilet,Waiheke,450000.0,Toilet (Wi26) Poukaraka Flats -Whak,Whakanewha Regional Park,Building Level 3,Waiheke-Great Barrier,3,16278.75,10581.1875,5697.5625,0.35,90000.0,1.0,90000.0,900.0,30,0.05,87585.50050385417,13835.205924194559,103835.20592419455,-16249.705420340382,0.8435048567996911,75915.43711197219,,not achieved within horizon,illustrative_generic_treatment_v1,demonstration_only
park-564,22669-B001-151,Public Toilet,Waitakere Ranges,450000.0,Toilet-Adj To Beach Front Approx 100m,Armour Bay Reserve,Building Level 3,Waitakere Ranges,3,16278.75,10581.1875,5697.5625,0.35,90000.0,1.0,90000.0,900.0,30,0.05,87585.50050385417,13835.205924194559,103835.20592419455,-16249.705420340382,0.8435048567996911,75915.43711197219,,not achieved within horizon,illustrative_generic_treatment_v1,demonstration_only
park-582,20074-B001-151,Public Toilet,Hibiscus and Bays,450000.0,Waiake Beach Public Toilets,Waiake Beach Reserve,Building Level 3,Hibiscus and Bays,3,16278.75,10581.1875,5697.5625,0.35,90000.0,1.0,90000.0,900.0,30,0.05,87585.50050385417,13835.205924194559,103835.20592419455,-16249.705420340382,0.8435048567996911,75915.43711197219,,not achieved within horizon,illustrative_generic_treatment_v1,demonstration_only
park-602,21794-B001-151,Public Toilet,Orakei,450000.0,Shore Road Reserve Toilet,Shore Road Reserve,Building Level 3,Orakei,3,16278.75,10581.1875,5697.5625,0.35,90000.0,1.0,90000.0,900.0,30,0.05,87585.50050385417,13835.205924194559,103835.20592419455,-16249.705420340382,0.8435048567996911,75915.43711197219,,not achieved within horizon,illustrative_generic_treatment_v1,demonstration_only
park-606,22009-B001-151,Public Toilet,Hibiscus and Bays,450000.0,Mairangi Bay Shops Public Toilet,Mairangi Bay Village Green,Building Level 3,Hibiscus and Bays,3,16278.75,10581.1875,5697.5625,0.35,90000.0,1.0,90000.0,900.0,30,0.05,87585.50050385417,13835.205924194559,103835.20592419455,-16249.705420340382,0.8435048567996911,75915.43711197219,,not achieved within horizon,illustrative_generic_treatment_v1,demonstration_only
park-65,10099-B009-151,Public Toilet,Waitemata,450000.0,Toilet - V1 ( Outside S & S ),Streetscape - Waitemata,Building Level 3,Waitemata,3,16278.75,10581.1875,5697.5625,0.35,90000.0,1.0,90000.0,900.0,30,0.05,87585.50050385417,13835.205924194559,103835.20592419455,-16249.705420340382,0.8435048567996911,75915.43711197219,,not achieved within horizon,illustrative_generic_treatment_v1,demonstration_only
park-721,11136-B004-151,Public Toilet,Upper Harbour,450000.0,Toilet-Timber (Rame Reserve),Rame Reserve,Building Level 3,Upper Harbour,3,16278.75,10581.1875,5697.5625,0.35,90000.0,1.0,90000.0,900.0,30,0.05,87585.50050385417,13835.205924194559,103835.20592419455,-16249.705420340382,0.8435048567996911,75915.43711197219,,not achieved within horizon,illustrative_generic_treatment_v1,demonstration_only
park-730,11401-B001-151,Public Toilet,Henderson-Massey,450000.0,Toilet - Taipari Strand,Taipari Strand,Building Level 3,Henderson-Massey,3,16278.75,10581.1875,5697.5625,0.35,90000.0,1.0,90000.0,900.0,30,0.05,87585.50050385417,13835.205924194559,103835.20592419455,-16249.705420340382,0.8435048567996911,75915.43711197219,,not achieved within horizon,illustrative_generic_treatment_v1,demonstration_only
park-769,21798-B001-151,Public Toilet,Orakei,450000.0,Female Toilet - H39 (Okahu Bay),Okahu Bay Reserve,Building Level 3,Orakei,3,16278.75,10581.1875,5697.5625,0.35,90000.0,1.0,90000.0,900.0,30,0.05,87585.50050385417,13835.205924194559,103835.20592419455,-16249.705420340382,0.8435048567996911,75915.43711197219,,not achieved within horizon,illustrative_generic_treatment_v1,demonstration_only
park-777,22385-B001-151,Public Toilet,Hibiscus and Bays,450000.0,Toilet-End Of Waiwera Rd On Rhs,Waiwera Place Reserve,Building Level 3,Hibiscus and Bays,3,16278.75,10581.1875,5697.5625,0.35,90000.0,1.0,90000.0,900.0,30,0.05,87585.50050385417,13835.205924194559,103835.20592419455,-16249.705420340382,0.8435048567996911,75915.43711197219,,not achieved within horizon,illustrative_generic_treatment_v1,demonstration_only
park-553,21798-B001-152,Changing Shed,Orakei,650000.0,Female Changing Room,Okahu Bay Reserve,Building Level 3,Orakei,2,23513.75,15283.9375,8229.8125,0.35,130000.0,1.0,130000.0,1300.0,30,0.05,126512.38961667825,19984.186334947695,149984.1863349477,-23471.796718269456,0.8435048567996911,109655.63138395984,,not achieved within horizon,illustrative_generic_treatment_v1,demonstration_only
park-603,21794-B001-152,Changing Shed,Orakei,650000.0,Shore Road Reserve Changing Rooms,Shore Road Reserve,Building Level 3,Orakei,2,23513.75,15283.9375,8229.8125,0.35,130000.0,1.0,130000.0,1300.0,30,0.05,126512.38961667825,19984.186334947695,149984.1863349477,-23471.796718269456,0.8435048567996911,109655.63138395984,,not achieved within horizon,illustrative_generic_treatment_v1,demonstration_only
park-614,22669-B001-100,Changing Shed,Waitakere Ranges,650000.0,Changing Rm-Adj To Beach Front Aprx 100m,Armour Bay Reserve,Building Level 3,Waitakere Ranges,2,23513.75,15283.9375,8229.8125,0.35,130000.0,1.0,130000.0,1300.0,30,0.05,126512.38961667825,19984.186334947695,149984.1863349477,-23471.796718269456,0.8435048567996911,109655.63138395984,,not achieved within horizon,illustrative_generic_treatment_v1,demonstration_only
park-1821,22359-B003-151,Toilet/Changing,Rodney,800000.0,Toilet-Snells Beach Sunrise Boulevard,Snells Beach (Sunrise Boulevard),Building Level 3,Rodney,3,28940.0,18811.0,10129.0,0.35,160000.0,1.0,160000.0,1600.0,30,0.05,155707.55645129632,24595.92164301255,184595.92164301255,-28888.365191716235,0.8435048567996912,134960.77708795058,,not achieved within horizon,illustrative_generic_treatment_v1,demonstration_only
park-581,20035-B001-151,Toilet/Changing,Mangere-Otahuhu,800000.0,Kiwi Esplanade Club Toil & Changing rms,Kiwi Esplanade (Bird Refuge & Pump Hse),Building Level 3,Mangere-Otahuhu,3,28940.0,18811.0,10129.0,0.35,160000.0,1.0,160000.0,1600.0,30,0.05,155707.55645129632,24595.92164301255,184595.92164301255,-28888.365191716235,0.8435048567996912,134960.77708795058,,not achieved within horizon,illustrative_generic_treatment_v1,demonstration_only
park-1076,11275-L100-230-EXW-001,Playground - Public Access,Hibiscus and Bays,300000.0,PS_Playground (Whole)-Leisure Centre,Stanmore Bay Park,Playground Location,Hibiscus and Bays,2,4815.0,3129.75,1685.25,0.35,60000.0,1.0,60000.0,600.0,30,0.05,25906.42309305431,9223.470616129705,69223.4706161297,-43317.047523075395,0.3742433435144448,22454.60061086669,,not achieved within horizon,illustrative_generic_treatment_v1,demonstration_only
park-1295,10321-L100-230-EXW-001,Playground - Public Access,Albert-Eden,300000.0,PS_Playground Rj746,Eric Armishaw Park,Playground Location,Albert-Eden,2,4815.0,3129.75,1685.25,0.35,60000.0,1.0,60000.0,600.0,30,0.05,25906.42309305431,9223.470616129705,69223.4706161297,-43317.047523075395,0.3742433435144448,22454.60061086669,,not achieved within horizon,illustrative_generic_treatment_v1,demonstration_only
park-1544,11043-L100-230-EXW-001,Playground - Public Access,Hibiscus and Bays,300000.0,PS_Playground (Whole)-,Mairangi Bay Beach Reserve,Playground Location,Hibiscus and Bays,2,4815.0,3129.75,1685.25,0.35,60000.0,1.0,60000.0,600.0,30,0.05,25906.42309305431,9223.470616129705,69223.4706161297,-43317.047523075395,0.3742433435144448,22454.60061086669,,not achieved within horizon,illustrative_generic_treatment_v1,demonstration_only
park-1573,10782-L100-230-EXW-001,Playground - Public Access,Howick,300000.0,PS_Playground,Eastern Beach Playground Park,Playground Location,Howick,2,4815.0,3129.75,1685.25,0.35,60000.0,1.0,60000.0,600.0,30,0.05,25906.42309305431,9223.470616129705,69223.4706161297,-43317.047523075395,0.3742433435144448,22454.60061086669,,not achieved within horizon,illustrative_generic_treatment_v1,demonstration_only
park-984,20073-L100-230-EXW-001,Playground - Public Access,Hibiscus and Bays,300000.0,PS_Playground (Whole)-,Rothesay Bay Beach Reserve,Playground Location,Hibiscus and Bays,2,4815.0,3129.75,1685.25,0.35,60000.0,1.0,60000.0,600.0,30,0.05,25906.42309305431,9223.470616129705,69223.4706161297,-43317.047523075395,0.3742433435144448,22454.60061086669,,not achieved within horizon,illustrative_generic_treatment_v1,demonstration_only
park-1801,10265-L100-230-EXW-002,Fitness Station - Public Access,Waitemata,150000.0,PS_Fitness Station,Coxs Bay Reserve,Fitness Location,Waitemata,2,2407.5,1564.875,842.625,0.35,50000.0,1.0,50000.0,500.0,30,0.05,12953.211546527154,7686.225513441421,57686.22551344142,-44733.013966914266,0.2245460061086669,11227.300305433346,,not achieved within horizon,illustrative_generic_treatment_v1,demonstration_only
park-1381,21794-L100-230-EXW-001,Playground - Public Access,Orakei,300000.0,PS_Playground Shore Road Reserve,Shore Road Reserve,Playground Location,Orakei,2,2475.0,1608.7500000000005,866.2499999999995,0.3499999999999998,60000.0,1.0,60000.0,600.0,30,0.05,13316.385702037256,9223.470616129705,69223.4706161297,-55907.084914092455,0.19236807376910708,11542.084426146424,,not achieved within horizon,illustrative_generic_treatment_v1,demonstration_only
park-926,20023-L100-230-EXW-001,Playground - Public Access,Franklin,300000.0,PS_Playground,Matakawau Point Reserve,Playground Location,Franklin,2,2475.0,1608.7500000000005,866.2499999999995,0.3499999999999998,60000.0,1.0,60000.0,600.0,30,0.05,13316.385702037256,9223.470616129705,69223.4706161297,-55907.084914092455,0.19236807376910708,11542.084426146424,,not achieved within horizon,illustrative_generic_treatment_v1,demonstration_only
park-927,10652-L100-230-EXW-001,Playground - Public Access,Franklin,300000.0,PS_Playground,Omana Esplanade,Playground Location,Franklin,2,2475.0,1608.7500000000005,866.2499999999995,0.3499999999999998,60000.0,1.0,60000.0,600.0,30,0.05,13316.385702037256,9223.470616129705,69223.4706161297,-55907.084914092455,0.19236807376910708,11542.084426146424,,not achieved within horizon,illustrative_generic_treatment_v1,demonstration_only
park-111,10262-B001-151,Public Toilet,Orakei,450000.0,Toilet - H35 (Kohimarama Beach),Kohimarama Beach Reserve,Building Level 3,Orakei,3,7222.5,4694.625,2527.875,0.35,90000.0,1.0,90000.0,900.0,30,0.05,38859.63463958147,13835.205924194559,103835.20592419455,-64975.571284613085,0.37424334351444494,33681.90091630004,,not achieved within horizon,illustrative_generic_treatment_v1,demonstration_only
park-166,10479-B002-151,Public Toilet,Hibiscus and Bays,450000.0,Toilet Block Camp Ground - Shak,Te Haruhi/Shakespear Regional Park,Building Level 3,Hibiscus and Bays,3,7222.5,4694.625,2527.875,0.35,90000.0,1.0,90000.0,900.0,30,0.05,38859.63463958147,13835.205924194559,103835.20592419455,-64975.571284613085,0.37424334351444494,33681.90091630004,,not achieved within horizon,illustrative_generic_treatment_v1,demonstration_only
park-1945,33750-B004-100,Public Toilet,Waitemata,450000.0,Linear Park Toilets,Wynyard Central,Building Level 3,Waitemata,3,7222.5,4694.625,2527.875,0.35,90000.0,1.0,90000.0,900.0,30,0.05,38859.63463958147,13835.205924194559,103835.20592419455,-64975.571284613085,0.37424334351444494,33681.90091630004,,not achieved within horizon,illustrative_generic_treatment_v1,demonstration_only
park-238,10424-B003-102,Public Toilet,Orakei,450000.0,Toilet,Madills Farm Recreation Reserve,Building Level 3,Orakei,3,7222.5,4694.625,2527.875,0.35,90000.0,1.0,90000.0,900.0,30,0.05,38859.63463958147,13835.205924194559,103835.20592419455,-64975.571284613085,0.37424334351444494,33681.90091630004,,not achieved within horizon,illustrative_generic_treatment_v1,demonstration_only
park-355,20007-B151-153,Public Toilet,Devonport-Takapuna,450000.0,Devonport Library Toilet,Windsor Reserve,Building Level 3,Devonport-Takapuna,3,7222.5,4694.625,2527.875,0.35,90000.0,1.0,90000.0,900.0,30,0.05,38859.63463958147,13835.205924194559,103835.20592419455,-64975.571284613085,0.37424334351444494,33681.90091630004,,not achieved within horizon,illustrative_generic_treatment_v1,demonstration_only
park-469,11129-B001-151,Public Toilet,Devonport-Takapuna,450000.0,Toilet-Concrete (King Edward Parade Res),King Edward Parade Reserve,Building Level 3,Devonport-Takapuna,3,7222.5,4694.625,2527.875,0.35,90000.0,1.0,90000.0,900.0,30,0.05,38859.63463958147,13835.205924194559,103835.20592419455,-64975.571284613085,0.37424334351444494,33681.90091630004,,not achieved within horizon,illustrative_generic_treatment_v1,demonstration_only
park-487,11273-B009-151,Public Toilet,Hibiscus and Bays,450000.0,Orewa Park Southern Toilets Building,Orewa Reserve,Building Level 3,Hibiscus and Bays,3,7222.5,4694.625,2527.875,0.35,90000.0,1.0,90000.0,900.0,30,0.05,38859.63463958147,13835.205924194559,103835.20592419455,-64975.571284613085,0.37424334351444494,33681.90091630004,,not achieved within horizon,illustrative_generic_treatment_v1,demonstration_only
park-492,11300-B001-151,Public Toilet,Hibiscus and Bays,450000.0,Toilet-Middle of lower reserve,Matakatia Parade Reserve,Building Level 3,Hibiscus and Bays,3,7222.5,4694.625,2527.875,0.35,90000.0,1.0,90000.0,900.0,30,0.05,38859.63463958147,13835.205924194559,103835.20592419455,-64975.571284613085,0.37424334351444494,33681.90091630004,,not achieved within horizon,illustrative_generic_treatment_v1,demonstration_only
park-634,10139-B007-151,Public Toilet,Orakei,450000.0,"Toilet (Pokanoa Pt, Okahu Bay)",Tamaki Drive (The Landing),Building Level 3,Orakei,3,7222.5,4694.625,2527.875,0.35,90000.0,1.0,90000.0,900.0,30,0.05,38859.63463958147,13835.205924194559,103835.20592419455,-64975.571284613085,0.37424334351444494,33681.90091630004,,not achieved within horizon,illustrative_generic_treatment_v1,demonstration_only
park-643,10281-B001-151,Public Toilet,Waiheke,450000.0,Toilet - Wi18 ( Man O War Bay),Man O' War Bay,Building Level 3,Waiheke-Great Barrier,3,7222.5,4694.625,2527.875,0.35,90000.0,1.0,90000.0,900.0,30,0.05,38859.63463958147,13835.205924194559,103835.20592419455,-64975.571284613085,0.37424334351444494,33681.90091630004,,not achieved within horizon,illustrative_generic_treatment_v1,demonstration_only
park-69,10134-B022-151,Public Toilet,Aotea/Great Barrier,450000.0,Toilet - G2 (Shoal Bay Wharf),Streetscape - Great Barrier,Building Level 3,Waiheke-Great Barrier,3,7222.5,4694.625,2527.875,0.35,90000.0,1.0,90000.0,900.0,30,0.05,38859.63463958147,13835.205924194559,103835.20592419455,-64975.571284613085,0.37424334351444494,33681.90091630004,,not achieved within horizon,illustrative_generic_treatment_v1,demonstration_only
park-740,20023-B001-151,Public Toilet,Franklin,450000.0,Matakawau Point Reserve Toilets,Matakawau Point Reserve,Building Level 3,Franklin,3,7222.5,4694.625,2527.875,0.35,90000.0,1.0,90000.0,900.0,30,0.05,38859.63463958147,13835.205924194559,103835.20592419455,-64975.571284613085,0.37424334351444494,33681.90091630004,,not achieved within horizon,illustrative_generic_treatment_v1,demonstration_only
park-751,20472-B001-151,Public Toilet,Hibiscus and Bays,450000.0,Toilet-On Right Side Next To Carpark,Gulf Harbour Marina Hammerhead Reserve,Building Level 3,Hibiscus and Bays,3,7222.5,4694.625,2527.875,0.35,90000.0,1.0,90000.0,900.0,30,0.05,38859.63463958147,13835.205924194559,103835.20592419455,-64975.571284613085,0.37424334351444494,33681.90091630004,,not achieved within horizon,illustrative_generic_treatment_v1,demonstration_only
park-266,10845-B002-151,Public Toilet,Howick,450000.0,Cockle Bay Toilet & Change Block,Cockle Bay Reserve,Building Level 3,Howick,3,3712.500000000001,2413.1250000000005,1299.3750000000005,0.35000000000000003,90000.0,1.0,90000.0,900.0,30,0.05,19974.5785530559,13835.205924194559,103835.20592419455,-83860.62737113866,0.19236807376910725,17313.126639219652,,not achieved within horizon,illustrative_generic_treatment_v1,demonstration_only
park-269,10905-B001-151,Public Toilet,Franklin,450000.0,Toilet - (Umupuia Coastal Reserve),Umupuia Coastal Reserve,Building Level 3,Franklin,3,3712.500000000001,2413.1250000000005,1299.3750000000005,0.35000000000000003,90000.0,1.0,90000.0,900.0,30,0.05,19974.5785530559,13835.205924194559,103835.20592419455,-83860.62737113866,0.19236807376910725,17313.126639219652,,not achieved within horizon,illustrative_generic_treatment_v1,demonstration_only
park-397,22860-B003-151,Public Toilet,Franklin,450000.0,Toilet Orere Point Res Foreshore - South,Orere Point Beach Reserve,Building Level 3,Franklin,3,3712.500000000001,2413.1250000000005,1299.3750000000005,0.35000000000000003,90000.0,1.0,90000.0,900.0,30,0.05,19974.5785530559,13835.205924194559,103835.20592419455,-83860.62737113866,0.19236807376910725,17313.126639219652,,not achieved within horizon,illustrative_generic_treatment_v1,demonstration_only
park-567,22860-B002-151,Public Toilet,Franklin,450000.0,Toilet Orere Point Res Foreshore - North,Orere Point Beach Reserve,Building Level 3,Franklin,3,3712.500000000001,2413.1250000000005,1299.3750000000005,0.35000000000000003,90000.0,1.0,90000.0,900.0,30,0.05,19974.5785530559,13835.205924194559,103835.20592419455,-83860.62737113866,0.19236807376910725,17313.126639219652,,not achieved within horizon,illustrative_generic_treatment_v1,demonstration_only
park-726,11345-B001-151,Public Toilet,Waitakere Ranges,450000.0,Toilet-(Sandys Parade)N End Of Beach,Sandys Parade,Building Level 3,Waitakere Ranges,3,3712.500000000001,2413.1250000000005,1299.3750000000005,0.35000000000000003,90000.0,1.0,90000.0,900.0,30,0.05,19974.5785530559,13835.205924194559,103835.20592419455,-83860.62737113866,0.19236807376910725,17313.126639219652,,not achieved within horizon,illustrative_generic_treatment_v1,demonstration_only
park-141,10424-B003-100,Changing Shed,Orakei,650000.0,Changing Rooms - H36,Madills Farm Recreation Reserve,Building Level 3,Orakei,2,10432.5,6781.125,3651.375,0.35,130000.0,1.0,130000.0,1300.0,30,0.05,56130.58336828434,19984.186334947695,149984.1863349477,-93853.60296666337,0.3742433435144448,48651.63465687783,,not achieved within horizon,illustrative_generic_treatment_v1,demonstration_only
park-332,10905-B001-152,Changing Shed,Franklin,650000.0,Changing room area (Umupuia Res),Umupuia Coastal Reserve,Building Level 3,Franklin,2,5362.5,3485.625000000001,1876.874999999999,0.3499999999999998,130000.0,1.0,130000.0,1300.0,30,0.05,28852.16902108072,19984.186334947695,149984.1863349477,-121132.01731386699,0.19236807376910708,25007.849589983918,,not achieved within horizon,illustrative_generic_treatment_v1,demonstration_only
park-209,10607-B001-151,Toilet/Changing,Howick,800000.0,Rogers Park Toilets&Changing Room,Rogers Park,Building Level 3,Howick,3,6600.000000000002,4290.000000000001,2310.000000000001,0.35000000000000003,160000.0,1.0,160000.0,1600.0,30,0.05,35510.36187209938,24595.92164301255,184595.92164301255,-149085.55977091315,0.19236807376910728,30778.891803057162,,not achieved within horizon,illustrative_generic_treatment_v1,demonstration_only
